,Unnamed: 0,idx,abb,abb_cn,book,book_cn,chapter,sec,no1,no,chinese,english
30697,30697,66,Rev,啟,Revelation,啟示錄,1,1,1,1,耶穌基督的啟示，就是神賜給他，叫他將必要快成的事指示他的眾僕人。他就差遣使者曉諭他的僕人約翰。,The Revelation of Jesus Christ which God gave him so that his servants might have knowledge of the things which will quickly take place: and he sent and made it clear by his angel to his servant John;
30698,30698,66,Rev,啟,Revelation,啟示錄,1,2,2,2,約翰便將神的道和耶穌基督的見證，凡自己所看見的都證明出來。,"Who gave witness of the word of God, and of the witness of Jesus Christ, even of all the things which he saw."
30699,30699,66,Rev,啟,Revelation,啟示錄,1,3,3,3,念這書上預言的和那些聽見又遵守其中所記載的，都是有福的，因為日期近了。,"A blessing be on the reader, and on those who give ear to the prophet's words, and keep the things which he has put in the book: for the time is near."
30700,30700,66,Rev,啟,Revelation,啟示錄,1,4,4,4,約翰寫信給亞西亞的七個教會。但願從那昔在、今在、以後永在的神，和他寶座前的七靈，,"John to the seven churches which are in Asia: Grace to you and peace, from him who is and was and is to come; and from the seven Spirits which are before his high seat;"
30701,30701,66,Rev,啟,Revelation,啟示錄,1,5,5,5,並那誠實作見證的、從死裡首先復活、為世上君王元首的耶穌基督，有恩惠、平安歸與你們！他愛我們，用自己的血使我們脫離（有古卷作：洗去）罪惡，,"And from Jesus Christ, the true witness, the first to come back from the dead, and the ruler of the kings of the earth. To him who had love for us and has made us clean from our sins by his blood;"
30702,30702,66,Rev,啟,Revelation,啟示錄,1,6,6,6,又使我們成為國民，作他父神的祭司。但願榮耀、權能歸給他，直到永永遠遠。阿們！,And has made us to be a kingdom and priests to his God and Father; to him let glory and power be given for ever and ever. So be it.
30703,30703,66,Rev,啟,Revelation,啟示錄,1,7,7,7,看哪，他駕雲降臨！眾目要看見他，連刺他的人也要看見他；地上的萬族都要因他哀哭。這話是真實的。阿們！,"See, he comes with the clouds, and every eye will see him, and those by whom he was wounded; and all the tribes of the earth will be sorrowing because of him. Yes, so be it."
30704,30704,66,Rev,啟,Revelation,啟示錄,1,8,8,8,主神說：我是阿拉法，我是俄梅戛，（阿拉法，俄梅戛：是希利尼字母首末二字），是昔在、今在、以後永在的全能者。,"I am the First and the Last, says the Lord God who is and was and is to come, the Ruler of all."
30705,30705,66,Rev,啟,Revelation,啟示錄,1,9,9,9,我─約翰就是你們的弟兄，和你們在耶穌的患難、國度、忍耐裡一同有分，為神的道，並為給耶穌作的見證，曾在那名叫拔摩的海島上。,"I, John, your brother, who have a part with you in the trouble and the kingdom and the quiet strength of Jesus, was in the island which is named Patmos, for the word of God and the witness of Jesus."
30706,30706,66,Rev,啟,Revelation,啟示錄,1,10,10,10,當主日，我被聖靈感動，聽見在我後面有大聲音如吹號，說：,"I was in the Spirit on the Lord's day, and a great voice at my back, as of a horn, came to my ears,"
30707,30707,66,Rev,啟,Revelation,啟示錄,1,11,11,11,你所看見的當寫在書上，達與以弗所、士每拿、別迦摩、推雅推喇、撒狄、非拉鐵非、老底嘉、那七個教會。,"Saying, What you see, put in a book, and send it to the seven churches; to Ephesus and to Smyrna and to Pergamos and to Thyatira and to Sardis and to Philadelphia and to Laodicea."
30708,30708,66,Rev,啟,Revelation,啟示錄,1,12,12,12,我轉過身來，要看是誰發聲與我說話；既轉過來，就看見七個金燈臺。,"And turning to see the voice which said these words to me, I saw seven gold vessels with lights burning in them;"
30709,30709,66,Rev,啟,Revelation,啟示錄,1,13,13,13,燈臺中間有一位好像人子，身穿長衣，直垂到腳，胸間束著金帶。,"And in the middle of them one like a son of man, clothed with a robe down to his feet, and with a band of gold round his breasts."
30710,30710,66,Rev,啟,Revelation,啟示錄,1,14,14,14,他的頭與髮皆白，如白羊毛，如雪；眼目如同火燄；,"And his head and his hair were white like wool, as white as snow; and his eyes were as a flame of fire;"
30711,30711,66,Rev,啟,Revelation,啟示錄,1,15,15,15,腳好像在爐中煆煉光明的銅；聲音如同眾水的聲音。,"And his feet like polished brass, as if it had been burned in a fire; and his voice was as the sound of great waters."
30712,30712,66,Rev,啟,Revelation,啟示錄,1,16,16,16,他右手拿著七星，從他口中出來一把兩刃的利劍；面貌如同烈日放光。,And he had in his right hand seven stars: and out of his mouth came a sharp two-edged sword: and his face was like the sun shining in its strength.
30713,30713,66,Rev,啟,Revelation,啟示錄,1,17,17,17,我一看見，就仆倒在他腳前，像死了一樣。他用右手按著我，說：不要懼怕！我是首先的，我是末後的，,"And when I saw him, I went down on my face at his feet as one dead. And he put his right hand on me, saying, Have no fear; I am the first and the last and the Living one;"
30714,30714,66,Rev,啟,Revelation,啟示錄,1,18,18,18,又是那存活的；我曾死過，現在又活了，直活到永永遠遠；並且拿著死亡和陰間的鑰匙。,"And I was dead, and see, I am living for ever, and I have the keys of death and of Hell."
30715,30715,66,Rev,啟,Revelation,啟示錄,1,19,19,19,所以你要把所看見的，和現在的事，並將來必成的事，都寫出來。,"Put in writing, then, the things which you have seen, and the things which are, and the things which will be after these;"
30716,30716,66,Rev,啟,Revelation,啟示錄,1,20,20,20,論到你所看見、在我右手中的七星和七個金燈臺的奧祕，那七星就是七個教會的使者，七燈臺就是七個教會。,"The secret of the seven stars which you saw in my right hand, and of the seven gold vessels with burning lights. The seven stars are the angels of the seven churches: and the seven lights are the seven churches."
30717,30717,66,Rev,啟,Revelation,啟示錄,2,1,1,1,你要寫信給以弗所教會的使者，說：那右手拿著七星、在七個金燈臺中間行走的，說：,"To the angel of the church in Ephesus say: These things says he who has the seven stars in his right hand, who is walking in the middle of the seven gold lights:"
30718,30718,66,Rev,啟,Revelation,啟示錄,2,2,2,2,我知道你的行為、勞碌、忍耐，也知道你不能容忍惡人。你也曾試驗那自稱為使徒卻不是使徒的，看出他們是假的來。,"I have knowledge of your doings, and of your hard work and long waiting, and that you will not put up with evil men, and have put to the test those who say they are Apostles and are not, and have seen that they are false;"
30719,30719,66,Rev,啟,Revelation,啟示錄,2,3,3,3,你也能忍耐，曾為我的名勞苦，並不乏倦。,"And you have the power of waiting, and have undergone trouble because of my name, without weariness."
30720,30720,66,Rev,啟,Revelation,啟示錄,2,4,4,4,然而有一件事我要責備你，就是你把起初的愛心離棄了。,"But I have this against you, that you are turned away from your first love."
30721,30721,66,Rev,啟,Revelation,啟示錄,2,5,5,5,所以，應當回想你是從那裡墜落的，並要悔改，行起初所行的事。你若不悔改，我就臨到你那裡，把你的燈臺從原處挪去。,"So keep in mind where you were at first, and be changed in heart and do the first works; or I will come to you, and will take away your light from its place, if your hearts are not changed."
30722,30722,66,Rev,啟,Revelation,啟示錄,2,6,6,6,然而你還有一件可取的事，就是你恨惡尼哥拉一黨人的行為，這也是我所恨惡的。,"But at least you have the credit of hating the works of the Nicolaitans, as I do."
30723,30723,66,Rev,啟,Revelation,啟示錄,2,7,7,7,聖靈向眾教會所說的話，凡有耳的，就應當聽！得勝的，我必將神樂園中生命樹的果子賜給他吃。,"He who has ears, let him give ear to what the Spirit says to the churches. To him who overcomes I will give of the fruit of the tree of life, which is in the Paradise of God."
30724,30724,66,Rev,啟,Revelation,啟示錄,2,8,8,8,你要寫信給士每拿教會的使者，說：那首先的、末後的、死過又活的，說：,"And to the angel of the church in Smyrna say: These things says the first and the last, who was dead and is living:"
30725,30725,66,Rev,啟,Revelation,啟示錄,2,9,9,9,我知道你的患難，你的貧窮（你卻是富足的），也知道那自稱是猶太人所說的毀謗話，其實他們不是猶太人，乃是撒但一會的人。,"I have knowledge of your troubles and how poor you are (but you have true wealth), and the evil words of those who say they are Jews, and are not, but are a Synagogue of Satan."
30726,30726,66,Rev,啟,Revelation,啟示錄,2,10,10,10,你將要受的苦你不用怕。魔鬼要把你們中間幾個人下在監裡，叫你們被試煉，你們必受患難十日。你務要至死忠心，我就賜給你那生命的冠冕。,"Have no fear of the things which you will have to undergo: see, the Evil One will send some of you into prison, so that you may be put to the test; and you will have great trouble for ten days. Be true till death, and I will give you the crown of life."
30727,30727,66,Rev,啟,Revelation,啟示錄,2,11,11,11,聖靈向眾教會所說的話，凡有耳的，就應當聽！得勝的，必不受第二次死的害。,"He who has ears, let him give ear to what the Spirit says to the churches. He who overcomes will not come under the power of the second death."
30728,30728,66,Rev,啟,Revelation,啟示錄,2,12,12,12,你要寫信給別迦摩教會的使者，說：那有兩刃利劍的，說：,And to the angel of the church in Pergamos say: These things says he who has the sharp two-edged sword:
30729,30729,66,Rev,啟,Revelation,啟示錄,2,13,13,13,我知道你的居所，就是有撒但座位之處；當我忠心的見證人安提帕在你們中間、撒但所住的地方被殺之時，你還堅守我的名，沒有棄絕我的道。,"I have knowledge that your living-place is where Satan has his seat: and you are true to my name, and were not turned away from your faith in me, even in the days of Antipas, my true witness, who was put to death among you, where Satan has his place."
30730,30730,66,Rev,啟,Revelation,啟示錄,2,14,14,14,然而，有幾件事我要責備你：因為在你那裡有人服從了巴蘭的教訓；這巴蘭曾教導巴勒將絆腳石放在以色列人面前，叫他們吃祭偶像之物，行姦淫的事。,"But I have some things against you, because you have with you those who keep the teaching of Balaam, by whose suggestion Balak made the children of Israel go out of the right way, taking food which was offered to false gods, and going after the desires of the flesh."
30731,30731,66,Rev,啟,Revelation,啟示錄,2,15,15,15,你那裡也有人照樣服從了尼哥拉一黨人的教訓。,And you have those who keep the teaching of the Nicolaitans.
30732,30732,66,Rev,啟,Revelation,啟示錄,2,16,16,16,所以，你當悔改；若不悔改，我就快臨到你那裡，用我口中的劍攻擊他們。,"See, then, that you have a change of heart; or I will come to you quickly, and will make war against them with the sword of my mouth."
30733,30733,66,Rev,啟,Revelation,啟示錄,2,17,17,17,聖靈向眾教會所說的話，凡有耳的，就應當聽！得勝的，我必將那隱藏的嗎哪賜給他，並賜他一塊白石，石上寫著新名；除了那領受的以外，沒有人能認識。,"He who has ears, let him give ear to what the Spirit says to the churches. To him who overcomes I will give of the secret manna, and I will give him a white stone, and on the stone a new name, of which no one has knowledge but he to whom it is given."
30734,30734,66,Rev,啟,Revelation,啟示錄,2,18,18,18,你要寫信給推雅推喇教會的使者，說：那眼目如火燄、腳像光明銅的神之子說：,"And to the angel of the church in Thyatira say: These things says the Son of God, whose eyes are like a flame of fire, and his feet like polished brass:"
30735,30735,66,Rev,啟,Revelation,啟示錄,2,19,19,19,我知道你的行為、愛心、信心、勤勞、忍耐，又知道你末後所行的善事，比起初所行的更多。,"I have knowledge of your works, and your love and faith and help and strength in trouble, and that your last works are more than the first."
30736,30736,66,Rev,啟,Revelation,啟示錄,2,20,20,20,然而，有一件事我要責備你，就是你容讓那自稱是先知的婦人耶洗別教導我的僕人，引誘他們行姦淫，吃祭偶像之物。,"But I have this against you, that you let the woman Jezebel say she is a prophet and give false teaching, making my servants go after the desires of the flesh and take food offered to false gods."
30737,30737,66,Rev,啟,Revelation,啟示錄,2,21,21,21,我曾給他悔改的機會，他卻不肯悔改他的淫行。,"And I gave her time for a change of heart, but she has no mind to give up her unclean ways."
30738,30738,66,Rev,啟,Revelation,啟示錄,2,22,22,22,看哪，我要叫他病臥在床。那些與他行淫的人，若不悔改所行的，我也要叫他們同受大患難。,"See, I will put her into a bed, and those who make themselves unclean with her, into great trouble, if they go on with her works."
30739,30739,66,Rev,啟,Revelation,啟示錄,2,23,23,23,我又要殺死他的黨類（原文是兒女），叫眾教會知道，我是那察看人肺腑心腸的，並要照你們的行為報應你們各人。,And I will put her children to death; and all the churches will see that I am he who makes search into the secret thoughts and hearts of men: and I will give to every one of you the reward of your works.
30740,30740,66,Rev,啟,Revelation,啟示錄,2,24,24,24,至於你們推雅推喇其餘的人，就是一切不從那教訓、不曉得他們素常所說撒但深奧之理的人，我告訴你們，我不將別的擔子放在你們身上。,"But to you I say, to the rest in Thyatira, even to those who have not this teaching, and have no knowledge of the secrets of Satan, as they say; I put on you no other weight."
30741,30741,66,Rev,啟,Revelation,啟示錄,2,25,25,25,但你們已經有的，總要持守，直等到我來。,"But what you have, keep safe till I come."
30742,30742,66,Rev,啟,Revelation,啟示錄,2,26,26,26,那得勝又遵守我命令到底的，我要賜給他權柄制伏列國；,"He who overcomes, and keeps my works to the end, to him I will give rule over the nations,"
30743,30743,66,Rev,啟,Revelation,啟示錄,2,27,27,27,他必用鐵杖轄管（轄管：原文是牧）他們，將他們如同窯戶的瓦器打得粉碎，像我從我父領受的權柄一樣。,"And he will be ruling them with a rod of iron; as the vessels of the potter they will be broken, even as I have power from my Father:"
30744,30744,66,Rev,啟,Revelation,啟示錄,2,28,28,28,我又要把晨星賜給他。,And I will give him the morning star.
30745,30745,66,Rev,啟,Revelation,啟示錄,2,29,29,29,聖靈向眾教會所說的話，凡有耳的，就應當聽！,"He who has ears, let him give ear to what the Spirit says to the churches."
30746,30746,66,Rev,啟,Revelation,啟示錄,3,1,1,1,你要寫信給撒狄教會的使者，說：那有神的七靈和七星的，說：我知道你的行為，按名你是活的，其實是死的。,"And to the angel of the church in Sardis say: These things says he who has the seven Spirits of God and the seven stars: I have knowledge of your works, that you seem to be living but are dead."
30747,30747,66,Rev,啟,Revelation,啟示錄,3,2,2,2,你要儆醒，堅固那剩下將要衰微（原文是死）的；因我見你的行為，在我神面前，沒有一樣是完全的。,"Be on the watch, and make strong the rest of the things which are near to death; because as judged by me your works have not come up to God's measure."
30748,30748,66,Rev,啟,Revelation,啟示錄,3,3,3,3,所以要回想你是怎樣領受、怎樣聽見的、又要遵守，並要悔改。若不儆醒，我必臨到你那裡，如同賊一樣。我幾時臨到，你也決不能知道。,"Keep in mind, then, the teaching which was given to you, and be ruled by it and have a change of heart. If then you do not keep watch, I will come like a thief, and you will have no knowledge of the hour when I will come on you."
30749,30749,66,Rev,啟,Revelation,啟示錄,3,4,4,4,然而在撒狄，你還有幾名是未曾污穢自己衣服的，他們要穿白衣與我同行，因為他們是配得過的。,But you have some names in Sardis who have kept clean their robes; and as a reward they will go in white with me.
30750,30750,66,Rev,啟,Revelation,啟示錄,3,5,5,5,凡得勝的必這樣穿白衣，我也必不從生命冊上塗抹他的名；且要在我父面前，和我父眾使者面前，認他的名。,"He who overcomes will be dressed in white, and I will not take his name from the book of life, and I will give witness to his name before my Father, and before his angels."
30751,30751,66,Rev,啟,Revelation,啟示錄,3,6,6,6,聖靈向眾教會所說的話，凡有耳的，就應當聽！,"He who has ears, let him give ear to what the Spirit says to the churches."
30752,30752,66,Rev,啟,Revelation,啟示錄,3,7,7,7,你要寫信給非拉鐵非教會的使者，說：那聖潔、真實、拿著大衛的鑰匙、開了就沒有人能關、關了就沒有人能開的，說：,"And to the angel of the church in Philadelphia say: These things says he who is holy, he who is true, he who has the key of David, opening the door so that it may be shut by no one, and shutting it so that it may be open to no one."
30753,30753,66,Rev,啟,Revelation,啟示錄,3,8,8,8,我知道你的行為，你略有一點力量，也曾遵守我的道，沒有棄絕我的名。看哪，我在你面前給你一個敞開的門，是無人能關的。,"I have knowledge of your works (see, I have put before you an open door which may be shut by no one), and that you have a little strength, and have kept my word, and have been true to my name."
30754,30754,66,Rev,啟,Revelation,啟示錄,3,9,9,9,那撒但一會的，自稱是猶太人，其實不是猶太人，乃是說謊話的，我要使他們來，在你腳前下拜，也使他們知道我是已經愛你了。,"See, I will make those of the Synagogue of Satan who say they are Jews, and are not, but say what is false; I will make them come and give worship before your feet, and see my love for you."
30755,30755,66,Rev,啟,Revelation,啟示錄,3,10,10,10,你既遵守我忍耐的道，我必在普天下人受試煉的時候，保守你免去你的試煉。,"Because you have kept my word in quiet strength, I will keep you from the hour of testing which is coming on all the world, to put to the test those who are on earth."
30756,30756,66,Rev,啟,Revelation,啟示錄,3,11,11,11,我必快來，你要持守你所有的，免得人奪去你的冠冕。,"I come quickly: keep that which you have, so that no one may take your crown."
30757,30757,66,Rev,啟,Revelation,啟示錄,3,12,12,12,得勝的，我要叫他在我神殿中作柱子，他也必不再從那裡出去。我又要將我神的名和我神城的名（這城就是從天上、從我神那裡降下來的新耶路撒冷），並我的新名，都寫在他上面。,"Him who overcomes I will make a pillar in the house of my God, and he will go out no more: and I will put on him the name of my God, and the name of the town of my God, the new Jerusalem, which comes down out of heaven from my God, and my new name."
30758,30758,66,Rev,啟,Revelation,啟示錄,3,13,13,13,聖靈向眾教會所說的話，凡有耳的，就應當聽！,"He who has ears, let him give ear to what the Spirit says to the churches."
30759,30759,66,Rev,啟,Revelation,啟示錄,3,14,14,14,你要寫信給老底嘉教會的使者，說：那為阿們的，為誠信真實見證的，在神創造萬物之上為元首的，說：,"And to the angel of the church in Laodicea say: These things says the true and certain witness, the head of God's new order:"
30760,30760,66,Rev,啟,Revelation,啟示錄,3,15,15,15,我知道你的行為，你也不冷也不熱；我巴不得你或冷或熱。,"I have knowledge of your works, that you are not cold or warm: it would be better if you were cold or warm."
30761,30761,66,Rev,啟,Revelation,啟示錄,3,16,16,16,你既如溫水，也不冷也不熱，所以我必從我口中把你吐出去。,"So because you are not one thing or the other, I will have no more to do with you."
30762,30762,66,Rev,啟,Revelation,啟示錄,3,17,17,17,你說：我是富足，已經發了財，一樣都不缺；卻不知道你是那困苦、可憐、貧窮、瞎眼、赤身的。,"For you say, I have wealth, and have got together goods and land, and have need of nothing; and you are not conscious of your sad and unhappy condition, that you are poor and blind and without clothing."
30763,30763,66,Rev,啟,Revelation,啟示錄,3,18,18,18,我勸你向我買火煉的金子，叫你富足；又買白衣穿上，叫你赤身的羞恥不露出來；又買眼藥擦你的眼睛，使你能看見。,"If you are wise you will get from me gold tested by fire, so that you may have true wealth; and white robes to put on, so that your shame may not be seen; and oil for your eyes, so that you may see."
30764,30764,66,Rev,啟,Revelation,啟示錄,3,19,19,19,凡我所疼愛的，我就責備管教他；所以你要發熱心，也要悔改。,"To all those who are dear to me, I give sharp words and punishment: then with all your heart have sorrow for your evil ways."
30765,30765,66,Rev,啟,Revelation,啟示錄,3,20,20,20,看哪，我站在門外叩門，若有聽見我聲音就開門的，我要進到他那裡去，我與他他與我一同坐席。,"See, I am waiting at the door and giving the sign; if my voice comes to any man's ears and he makes the door open, I will come in to him, and will take food with him and he with me."
30766,30766,66,Rev,啟,Revelation,啟示錄,3,21,21,21,得勝的，我要賜他在我寶座上與我同坐，就如我得了勝，在我父的寶座上與他同坐一般。,"To him who overcomes I will give a place with me on my high seat, even as I overcame, and am seated with my Father on his high seat."
30767,30767,66,Rev,啟,Revelation,啟示錄,3,22,22,22,聖靈向眾教會所說的話，凡有耳的，就應當聽！,"He who has ears, let him give ear to what the Spirit says to the churches."
30768,30768,66,Rev,啟,Revelation,啟示錄,4,1,1,1,此後，我觀看，見天上有門開了。我初次聽見好像吹號的聲音，對我說：你上到這裡來，我要將以後必成的事指示你。,"After these things I saw a door open in heaven, and the first voice came to my ears, like the sound of a horn, saying, Come up here, and I will make clear to you the things which are to come."
30769,30769,66,Rev,啟,Revelation,啟示錄,4,2,2,2,我立刻被聖靈感動，見有一個寶座安置在天上，又有一位坐在寶座上。,"Straight away I was in the Spirit: and I saw a high seat in heaven, and one was seated on it;"
30770,30770,66,Rev,啟,Revelation,啟示錄,4,3,3,3,看那坐著的，好像碧玉和紅寶石；又有虹圍著寶座，好像綠寶石。,"And to my eyes he was like a jasper and a sardius stone: and there was an arch of light round the high seat, like an emerald."
30771,30771,66,Rev,啟,Revelation,啟示錄,4,4,4,4,寶座的周圍又有二十四個座位；其上坐著二十四位長老，身穿白衣，頭上戴著金冠冕。,"And round about the high seat were four and twenty seats: and on them I saw four and twenty rulers seated, clothed in white robes; and on their heads crowns of gold."
30772,30772,66,Rev,啟,Revelation,啟示錄,4,5,5,5,有閃電、聲音、雷轟從寶座中發出；又有七盞火燈在寶座前點著；這七燈就是神的七靈。,"And out of the high seat came flames and voices and thunders. And seven lights of fire were burning before the high seat, which are the seven Spirits of God;"
30773,30773,66,Rev,啟,Revelation,啟示錄,4,6,6,6,寶座前好像一個玻璃海，如同水晶。寶座中和寶座周圍有四個活物，前後遍體都滿了眼睛。,"And before the high seat there was, as it seemed, a clear sea of glass; and in the middle of the high seat, and round about it, four beasts full of eyes round about."
30774,30774,66,Rev,啟,Revelation,啟示錄,4,7,7,7,第一個活物像獅子，第二個像牛犢，第三個臉面像人，第四個像飛鷹。,"And the first beast was like a lion, and the second like an ox, and the third had a face like a man, and the fourth was like an eagle in flight."
30775,30775,66,Rev,啟,Revelation,啟示錄,4,8,8,8,四活物各有六個翅膀，遍體內外都滿了眼睛。他們晝夜不住的說：聖哉！聖哉！聖哉！主神是昔在、今在、以後永在的全能者。,"And the four beasts, having every one of them six wings, are full of eyes round about and inside: and without resting day and night, they say, Holy, holy, holy, Lord God, Ruler of all, who was and is and is to come."
30776,30776,66,Rev,啟,Revelation,啟示錄,4,9,9,9,每逢四活物將榮耀、尊貴、感謝歸給那坐在寶座上、活到永永遠遠者的時候，,"And when the beasts give glory and honour to him who is seated on the high seat, to him who is living for ever and ever,"
30777,30777,66,Rev,啟,Revelation,啟示錄,4,10,10,10,那二十四位長老就俯伏在坐寶座的面前敬拜那活到永永遠遠的，又把他們的冠冕放在寶座前，說：,"The four and twenty rulers go down on their faces before him who is seated on the high seat, and give worship to him who is living for ever and ever, and take off their crowns before the high seat, saying,"
30778,30778,66,Rev,啟,Revelation,啟示錄,4,11,11,11,我們的主，我們的神，你是配得榮耀、尊貴、權柄的；因為你創造了萬物，並且萬物是因你的旨意被創造而有的。,"It is right, our Lord and our God, for you to have glory and honour and power: because by you were all things made, and by your desire they came into being."
30779,30779,66,Rev,啟,Revelation,啟示錄,5,1,1,1,我看見坐寶座的右手中有書卷，裡外都寫著字，用七印封嚴了。,"And I saw in the right hand of him who was seated on the high seat, a book with writing inside it and on the back, shut with seven stamps of wax."
30780,30780,66,Rev,啟,Revelation,啟示錄,5,2,2,2,我又看見一位大力的天使大聲宣傳說：有誰配展開那書卷，揭開那七印呢？,"And I saw a strong angel saying in a loud voice, Who is able to make the book open, and to undo its stamps?"
30781,30781,66,Rev,啟,Revelation,啟示錄,5,3,3,3,在天上、地上、地底下，沒有能展開、能觀看那書卷的。,"And no one in heaven, or on the earth, or under the earth, was able to get the book open, or to see what was in it."
30782,30782,66,Rev,啟,Revelation,啟示錄,5,4,4,4,因為沒有配展開、配觀看那書卷的，我就大哭。,"And I was very sad, because there was no one able to get the book open or to see what was in it."
30783,30783,66,Rev,啟,Revelation,啟示錄,5,5,5,5,長老中有一位對我說：不要哭。看哪，猶大支派中的獅子，大衛的根，他已得勝，能以展開那書卷，揭開那七印。,"And one of the rulers said to me, Do not be sad: see, the Lion of the tribe of Judah, the Root of David, has overcome, and has power to undo the book and its seven stamps."
30784,30784,66,Rev,啟,Revelation,啟示錄,5,6,6,6,我又看見寶座與四活物，並長老之中有羔羊站立，像是被殺過的，有七角七眼，就是神的七靈，奉差遣往普天下去的。,"And I saw in the middle of the high seat and of the four beasts, and in the middle of the rulers, a Lamb in his place, which seemed as if it had been put to death, having seven horns and seven eyes, which are the seven Spirits of God, sent out into all the earth."
30785,30785,66,Rev,啟,Revelation,啟示錄,5,7,7,7,這羔羊前來，從坐寶座的右手裡拿了書卷。,And he came and took it out of the right hand of him who was seated on the high seat.
30786,30786,66,Rev,啟,Revelation,啟示錄,5,8,8,8,他既拿了書卷，四活物和二十四位長老就俯伏在羔羊面前，各拿著琴和盛滿了香的金爐；這香就是眾聖徒的祈禱。,"And when he had taken the book, the four beasts and the four and twenty rulers went down on their faces before the Lamb, having every one an instrument of music, and gold vessels full of perfumes, which are the prayers of the saints."
30787,30787,66,Rev,啟,Revelation,啟示錄,5,9,9,9,他們唱新歌，說：你配拿書卷，配揭開七印；因為你曾被殺，用自己的血從各族、各方、各民、各國中買了人來，叫他們歸於神，,"And their voices are sounding in a new song, saying, It is right for you to take the book and to make it open: for you were put to death and have made an offering to God of your blood for men of every tribe, and language, and people, and nation,"
30788,30788,66,Rev,啟,Revelation,啟示錄,5,10,10,10,又叫他們成為國民，作祭司歸於神，在地上執掌王權。,"And have made them a kingdom and priests to our God, and they are ruling on the earth."
30789,30789,66,Rev,啟,Revelation,啟示錄,5,11,11,11,我又看見且聽見，寶座與活物並長老的周圍有許多天使的聲音；他們的數目有千千萬萬，,"And I saw, and there came to my ears the sound of a great number of angels round about the high seat and the beasts and the rulers; and the number of them was ten thousand times ten thousand, and thousands of thousands;"
30790,30790,66,Rev,啟,Revelation,啟示錄,5,12,12,12,大聲說：曾被殺的羔羊是配得權柄、豐富、智慧、能力、尊貴、榮耀、頌讚的。,"Saying with a great voice, It is right to give to the Lamb who was put to death, power and wealth and wisdom and strength and honour and glory and blessing."
30791,30791,66,Rev,啟,Revelation,啟示錄,5,13,13,13,我又聽見在天上、地上、地底下、滄海裡，和天地間一切所有被造之物，都說：但願頌讚、尊貴、榮耀、權勢都歸給坐寶座的和羔羊，直到永永遠遠！,"And to my ears came the voice of everything in heaven and on earth and under the earth and in the sea, and of all things which are in them, saying, To him who is seated on the high seat, and to the Lamb, may blessing and honour and glory and power be given for ever and ever."
30792,30792,66,Rev,啟,Revelation,啟示錄,5,14,14,14,四活物就說：阿們！眾長老也俯伏敬拜。,"And the four beasts said, So be it. And the rulers went down on their faces and gave worship."
30793,30793,66,Rev,啟,Revelation,啟示錄,6,1,1,1,我看見羔羊揭開七印中第一印的時候，就聽見四活物中的一個活物，聲音如雷，說：你來！,"And I saw when the Lamb undid one of the stamps, and the voice of one of the four beasts came to my ears, saying as with a voice of thunder, Come and see."
30794,30794,66,Rev,啟,Revelation,啟示錄,6,2,2,2,我就觀看，見有一匹白馬；騎在馬上的，拿著弓，並有冠冕賜給他。他便出來，勝了又要勝。,"And I saw a white horse, and he who was seated on it had a bow; and there was given to him a crown: and he went out with power to overcome."
30795,30795,66,Rev,啟,Revelation,啟示錄,6,3,3,3,揭開第二印的時候，我聽見第二個活物說：你來。,"And when the second stamp was undone, the voice of the second beast came to my ears, saying, Come and see."
30796,30796,66,Rev,啟,Revelation,啟示錄,6,4,4,4,就另有一匹馬出來，是紅的，有權柄給了那騎馬的，可以從地上奪去太平，使人彼此相殺；又有一把大刀賜給他。,"And another horse came out, a red horse; and it was given to him who was seated on it to take peace from the earth, so that people might put one another to death: and there was given to him a great sword."
30797,30797,66,Rev,啟,Revelation,啟示錄,6,5,5,5,揭開第三印的時候，我聽見第三個活物說：你來！我就觀看，見有一匹黑馬；騎在馬上的，手裡拿著天平。,"And when the third stamp was undone, the voice of the third beast came to my ears, saying, Come and see. And I saw a black horse; and he who was seated on it had scales in his hand."
30798,30798,66,Rev,啟,Revelation,啟示錄,6,6,6,6,我聽見在四活物中似乎有聲音說：一錢銀子買一升麥子，一錢銀子買三升大麥；油和酒不可糟蹋。,"And a voice came to my ears, from the middle of the four beasts, saying, A measure of grain for a penny, and three measures of barley for a penny: and see that you do no damage to the oil and the wine."
30799,30799,66,Rev,啟,Revelation,啟示錄,6,7,7,7,揭開第四印的時候，我聽見第四個活物說：你來！,"And when the fourth stamp was undone, the voice of the fourth beast came to my ears, saying, Come and see."
30800,30800,66,Rev,啟,Revelation,啟示錄,6,8,8,8,我就觀看，見有一匹灰色馬；騎在馬上的，名字叫作死，陰府也隨著他；有權柄賜給他們，可以用刀劍、饑荒、瘟疫（或作：死亡）、野獸，殺害地上四分之一的人。,"And I saw a grey horse, and the name of him who was seated on it was Death; and Hell came after him. And there was given to them authority over the fourth part of the earth, to put to destruction by the sword, and by taking away their food, and by death, and by the beasts of the earth."
30801,30801,66,Rev,啟,Revelation,啟示錄,6,9,9,9,揭開第五印的時候，我看見在祭壇底下，有為神的道、並為作見證被殺之人的靈魂，,"And when the fifth stamp was undone, I saw under the altar the souls of those who had been put to death for the word of God, and for the witness which they kept."
30802,30802,66,Rev,啟,Revelation,啟示錄,6,10,10,10,大聲喊著說：聖潔真實的主阿，你不審判住在地上的人，給我們伸流血的冤，要等到幾時呢？,"And they gave a great cry, saying, How long will it be, O Ruler, holy and true, before you take your place as judge and give punishment for our blood to those on the earth?"
30803,30803,66,Rev,啟,Revelation,啟示錄,6,11,11,11,於是有白衣賜給他們各人；又有話對他們說，還要安息片時，等著一同作僕人的和他們的弟兄也像他們被殺，滿足了數目。,"And there was given to every one a white robe, and they were ordered to take their rest for a little time, till the number was complete of the other servants, their brothers, who would be put to death, even as they had been."
30804,30804,66,Rev,啟,Revelation,啟示錄,6,12,12,12,揭開第六印的時候，我又看見地大震動，日頭變黑像毛布，滿月變紅像血，,"And I saw when the sixth stamp was undone, and there was a great earth-shock; and the sun became black as haircloth, and all the moon became as blood;"
30805,30805,66,Rev,啟,Revelation,啟示錄,6,13,13,13,天上的星辰墜落於地，如同無花果樹被大風搖動，落下未熟的果子一樣。,"And the stars of heaven were falling to the earth, like green fruit from a tree before the force of a great wind."
30806,30806,66,Rev,啟,Revelation,啟示錄,6,14,14,14,天就挪移，好像書卷被捲起來；山嶺海島都被挪移離開本位。,And the heaven was taken away like the roll of a book when it is rolled up; and all the mountains and islands were moved out of their places.
30807,30807,66,Rev,啟,Revelation,啟示錄,6,15,15,15,地上的君王、臣宰、將軍、富戶、壯士，和一切為奴的、自主的，都藏在山洞和巖石穴裡，,"And the kings of the earth, and the rulers, and the chief captains, and the men of wealth, and the strong, and every servant and free man, took cover in the holes and the rocks of the mountains;"
30808,30808,66,Rev,啟,Revelation,啟示錄,6,16,16,16,向山和巖石說：倒在我們身上罷！把我們藏起來，躲避坐寶座者的面目和羔羊的忿怒；,"And they say to the mountains and to the rocks, Come down on us, covering us from the face of him who is seated on the high seat, and from the wrath of the Lamb:"
30809,30809,66,Rev,啟,Revelation,啟示錄,6,17,17,17,因為他們忿怒的大日到了，誰能站得住呢？,"For the great day of their wrath is come, and who may keep his place?"
30810,30810,66,Rev,啟,Revelation,啟示錄,7,1,1,1,此後，我看見四位天使站在地的四角，執掌地上四方的風，叫風不吹在地上、海上，和樹上。,"After this I saw four angels in their places at the four points of the earth, keeping back the four winds in their hands, so that there might be no moving of the wind on the earth, or on the sea, or on any tree."
30811,30811,66,Rev,啟,Revelation,啟示錄,7,2,2,2,我又看見另有一位天使，從日出之地上來，拿著永生神的印。他就向那得著權柄能傷害地和海的四位天使大聲喊著說：,"And I saw another angel coming up from the east, having the mark of the living God: and he said with a great voice to the four angels, to whom it was given to do damage to the earth and the sea,"
30812,30812,66,Rev,啟,Revelation,啟示錄,7,3,3,3,地與海並樹木，你們不可傷害，等我們印了我們神眾僕人的額。,"Do no damage to the earth, or the sea, or the trees, till we have put a mark on the servants of our God."
30813,30813,66,Rev,啟,Revelation,啟示錄,7,4,4,4,我聽見以色列人各支派中受印的數目有十四萬四千。,"And there came to my ears the number of those who had the mark on their brows, a hundred and forty-four thousand, who were marked out of every tribe of the people of Israel."
30814,30814,66,Rev,啟,Revelation,啟示錄,7,5,5,5,猶大支派中受印的有一萬二千；流便支派中有一萬二千；迦得支派中有一萬二千；,Of the tribe of Judah were marked twelve thousand: of the tribe of Reuben twelve thousand: of the tribe of Gad twelve thousand:
30815,30815,66,Rev,啟,Revelation,啟示錄,7,6,6,6,亞設支派中有一萬二千；拿弗他利支派中有一萬二千；瑪拿西支派中有一萬二千；,Of the tribe of Asher twelve thousand: of the tribe of Naphtali twelve thousand: of the tribe of Manasseh twelve thousand:
30816,30816,66,Rev,啟,Revelation,啟示錄,7,7,7,7,西緬支派中有一萬二千；利未支派中有一萬二千；以薩迦支派中有一萬二千；,Of the tribe of Simeon twelve thousand: of the tribe of Levi twelve thousand: of the tribe of Issachar twelve thousand:
30817,30817,66,Rev,啟,Revelation,啟示錄,7,8,8,8,西布倫支派中有一萬二千；約瑟支派中有一萬二千；便雅憫支派中受印的有一萬二千。,Of the tribe of Zebulun twelve thousand: of the tribe of Joseph twelve thousand: of the tribe of Benjamin were marked twelve thousand.
30818,30818,66,Rev,啟,Revelation,啟示錄,7,9,9,9,此後，我觀看，見有許多的人，沒有人能數過來，是從各國、各族、各民、各方來的，站在寶座和羔羊面前，身穿白衣，手拿棕樹枝，,"After these things I saw a great army of people more than might be numbered, out of every nation and of all tribes and peoples and languages, taking their places before the high seat and before the Lamb, dressed in white robes, and with branches in their hands,"
30819,30819,66,Rev,啟,Revelation,啟示錄,7,10,10,10,大聲喊著說：願救恩歸與坐在寶座上我們的神，也歸與羔羊！,"Saying with a loud voice, Salvation to our God who is seated on the high seat, and to the Lamb."
30820,30820,66,Rev,啟,Revelation,啟示錄,7,11,11,11,眾天使都站在寶座和眾長老並四活物的周圍，在寶座前，面伏於地，敬拜神，,"And all the angels were round about the high seat, and about the rulers and the four beasts; and they went down on their faces before the high seat, and gave worship to God, saying,"
30821,30821,66,Rev,啟,Revelation,啟示錄,7,12,12,12,說：阿們！頌讚、榮耀、智慧、感謝、尊貴、權柄、大力都歸與我們的神，直到永永遠遠。阿們！,So be it. Let blessing and glory and wisdom and praise and honour and power and strength be given to our God for ever and ever. So be it.
30822,30822,66,Rev,啟,Revelation,啟示錄,7,13,13,13,長老中有一位問我說：這些穿白衣的是誰？是從那裡來的？,"And one of the rulers made answer, saying to me, These who have on white robes, who are they, and where did they come from?"
30823,30823,66,Rev,啟,Revelation,啟示錄,7,14,14,14,我對他說：我主，你知道。他向我說：這些人是從大患難中出來的，曾用羔羊的血把衣裳洗白淨了。,"And I said to him, My lord, you have knowledge. And he said to me, These are they who came through the great testing, and their robes have been washed and made white in the blood of the Lamb."
30824,30824,66,Rev,啟,Revelation,啟示錄,7,15,15,15,所以，他們在神寶座前，晝夜在他殿中事奉他。坐寶座的要用帳幕覆庇他們。,This is why they are before the high seat of God; and they are his servants day and night in his house: and he who is seated on the high seat will be a tent over them.
30825,30825,66,Rev,啟,Revelation,啟示錄,7,16,16,16,他們不再飢，不再渴；日頭和炎熱也必不傷害他們。,They will never be in need of food or drink: and they will never again be troubled by the burning heat of the sun:
30826,30826,66,Rev,啟,Revelation,啟示錄,7,17,17,17,因為寶座中的羔羊必牧養他們，領他們到生命水的泉源；神也必擦去他們一切的眼淚。,For the Lamb who is on the high seat will be their keeper and their guide to fountains of living water: and God will make glad their eyes for ever.
30827,30827,66,Rev,啟,Revelation,啟示錄,8,1,1,1,羔羊揭開第七印的時候，天上寂靜約有二刻。,And when the seventh stamp was undone there was quiet in heaven for about half an hour.
30828,30828,66,Rev,啟,Revelation,啟示錄,8,2,2,2,我看見那站在神面前的七位天使，有七枝號賜給他們。,And I saw the seven angels who had their place before God; and seven horns were given to them.
30829,30829,66,Rev,啟,Revelation,啟示錄,8,3,3,3,另有一位天使，拿著金香爐來，站在祭壇旁邊。有許多香賜給他，要和眾聖徒的祈禱一同獻在寶座前的金壇上。,"And another angel came and took his place at the altar, having a gold vessel for burning perfume; and there was given to him much perfume, so that he might put it with the prayers of all the saints on the gold altar which was before the high seat."
30830,30830,66,Rev,啟,Revelation,啟示錄,8,4,4,4,那香的煙和眾聖徒的祈禱從天使的手中一同升到神面前。,"And the smoke of the perfume, with the prayers of the saints, went up before God out of the angel's hand."
30831,30831,66,Rev,啟,Revelation,啟示錄,8,5,5,5,天使拿著香爐，盛滿了壇上的火，倒在地上；隨有雷轟、大聲、閃電、地震。,"And the angel took the vessel; and he made it full of the fire of the altar, and sent it down on the earth: and there came thunders and voices and flames and a shaking of the earth."
30832,30832,66,Rev,啟,Revelation,啟示錄,8,6,6,6,拿著七枝號的七位天使就預備要吹。,And the seven angels who had the seven horns made ready for sounding them.
30833,30833,66,Rev,啟,Revelation,啟示錄,8,7,7,7,第一位天使吹號，就有雹子與火攙著血丟在地上；地的三分之一和樹的三分之一被燒了，一切的青草也被燒了。,"And at the sounding of the first, a rain of ice and fire, mixed with blood, was sent on the earth: and a third part of the earth, and of the trees, and all green grass was burned up."
30834,30834,66,Rev,啟,Revelation,啟示錄,8,8,8,8,第二位天使吹號，就有彷彿火燒著的大山扔在海中；海的三分之一變成血，,"And at the sounding of the second angel, it was as if a great mountain burning with fire was sent into the sea: and a third part of the sea became blood,"
30835,30835,66,Rev,啟,Revelation,啟示錄,8,9,9,9,海中的活物死了三分之一，船隻也壞了三分之一。,"And destruction came on a third part of the living things which were in the sea, and on a third part of the ships."
30836,30836,66,Rev,啟,Revelation,啟示錄,8,10,10,10,第三位天使吹號，就有燒著的大星，好像火把從天上落下來，落在江河的三分之一和眾水的泉源上。,"And at the sounding of the third angel, there went down from heaven a great star, burning like a flame, and it came on a third part of the rivers, and on the fountains of water."
30837,30837,66,Rev,啟,Revelation,啟示錄,8,11,11,11,這星名叫茵蔯。眾水的三分之一變為茵蔯；因水變苦，就死了許多人。,"And the name of the star is Wormwood: and a third part of the waters became bitter; and a number of men came to their end because of the waters, for they were made bitter."
30838,30838,66,Rev,啟,Revelation,啟示錄,8,12,12,12,第四位天使吹號，日頭的三分之一，月亮的三分之一、星辰的三分之一都被擊打，以致日月星的三分之一黑暗了，白晝的三分之一沒有光，黑夜也是這樣。,"And at the sounding of the fourth angel, a third part of the sun, and of the moon, and of the stars was made dark, so that there was no light for a third part of the day and of the night."
30839,30839,66,Rev,啟,Revelation,啟示錄,8,13,13,13,我又看見一個鷹飛在空中，並聽見他大聲說：三位天使要吹那其餘的號。你們住在地上的民，禍哉！禍哉！禍哉！,"And there came to my ears the cry of an eagle in flight in the middle of heaven, saying with a great voice, Trouble, trouble, trouble, to all on the earth, because of the other voices of the horns of the three angels, whose sounding is still to come."
30840,30840,66,Rev,啟,Revelation,啟示錄,9,1,1,1,第五位天使吹號，我就看見一個星從天落到地上，有無底坑的鑰匙賜給他。,And at the sounding of the fifth angel I saw a star falling from heaven to the earth: and there was given to him the key of the great deep.
30841,30841,66,Rev,啟,Revelation,啟示錄,9,2,2,2,他開了無底坑，便有煙從坑裡往上冒，好像大火爐的煙；日頭和天空都因這煙昏暗了。,"And he made the great deep open and a smoke went up from it, like the smoke of a great oven; and the sun and the air were made dark because of the smoke."
30842,30842,66,Rev,啟,Revelation,啟示錄,9,3,3,3,有蝗蟲從煙中出來，飛到地上；有能力賜給他們，好像地上蠍子的能力一樣，,"And from the smoke locusts came out on the earth; and power was given them, like the power of scorpions."
30843,30843,66,Rev,啟,Revelation,啟示錄,9,4,4,4,並且吩咐他們說，不可傷害地上的草和各樣青物，並一切樹木，惟獨要傷害額上沒有神印記的人。,"And they were ordered to do no damage to the grass of the earth, or any green thing, or any tree, but only to such men as have not the mark of God on their brows."
30844,30844,66,Rev,啟,Revelation,啟示錄,9,5,5,5,但不許蝗蟲害死他們，只叫他們受痛苦五個月。這痛苦就像蠍子螫人的痛苦一樣。,"And orders were given them not to put them to death, but to give them great pain for five months: and their pain was as the pain from the wound of a scorpion."
30845,30845,66,Rev,啟,Revelation,啟示錄,9,6,6,6,在那些日子，人要求死，決不得死；願意死，死卻遠避他們。,"And in those days men will be hoping for death, and it will not come to them; and they will have a great desire for death, and death will go in flight from them."
30846,30846,66,Rev,啟,Revelation,啟示錄,9,7,7,7,蝗蟲的形狀，好像預備出戰的馬一樣，頭上戴的好像金冠冕，臉面好像男人的臉面，,"And the forms of the locusts were like horses made ready for war; and on their heads they had crowns like gold, and their faces were as the faces of men."
30847,30847,66,Rev,啟,Revelation,啟示錄,9,8,8,8,頭髮像女人的頭髮，牙齒像獅子的牙齒。,"And they had hair like the hair of women, and their teeth were as the teeth of lions."
30848,30848,66,Rev,啟,Revelation,啟示錄,9,9,9,9,胸前有甲，好像鐵甲。他們翅膀的聲音，好像許多車馬奔跑上陣的聲音。,"And they had breastplates like iron, and the sound of their wings was as the sound of carriages, like an army of horses rushing to the fight."
30849,30849,66,Rev,啟,Revelation,啟示錄,9,10,10,10,有尾巴像蠍子，尾巴上的毒鉤能傷人五個月。,And they have pointed tails like scorpions; and in their tails is their power to give men wounds for five months.
30850,30850,66,Rev,啟,Revelation,啟示錄,9,11,11,11,有無底坑的使者作他們的王，按著希伯來話，名叫亞巴頓，希利尼話，名叫亞玻倫。,"They have over them as king the angel of the great deep: his name in Hebrew is Abaddon, and in the Greek language Apollyon."
30851,30851,66,Rev,啟,Revelation,啟示錄,9,12,12,12,第一樣災禍過去了，還有兩樣災禍要來。,"The first Trouble is past: see, there are still two Troubles to come."
30852,30852,66,Rev,啟,Revelation,啟示錄,9,13,13,13,第六位天使吹號，我就聽見有聲音從神面前金壇的四角出來，,"And at the sounding of the sixth angel a voice came to my ears from the horns of the gold altar which is before God,"
30853,30853,66,Rev,啟,Revelation,啟示錄,9,14,14,14,吩咐那吹號的第六位天使，說：把那捆綁在伯拉大河的四個使者釋放了。,"Saying to the sixth angel who had the horn, Make free the four angels who are chained at the great river Euphrates."
30854,30854,66,Rev,啟,Revelation,啟示錄,9,15,15,15,那四個使者就被釋放；他們原是預備好了，到某年某月某日某時，要殺人的三分之一。,"And the four angels were made free, who were ready for the hour and day and month and year, that they might put to death a third part of men."
30855,30855,66,Rev,啟,Revelation,啟示錄,9,16,16,16,馬軍有二萬萬；他們的數目我聽見了。,And the number of the armies of the horsemen was twice ten thousand times ten thousand: the number of them came to my ears.
30856,30856,66,Rev,啟,Revelation,啟示錄,9,17,17,17,我在異象中看見那些馬和騎馬的，騎馬的胸前有甲如火，與紫瑪瑙並硫磺。馬的頭好像獅子頭，有火、有煙、有硫磺從馬的口中出來。,"And so I saw the horses in the vision, and those who were seated on them, having breastplates of fire and glass and of burning stone: and the heads of the horses were as the heads of lions; and out of their mouths came fire and smoke and a smell of burning."
30857,30857,66,Rev,啟,Revelation,啟示錄,9,18,18,18,口中所出來的火與煙並硫磺，這三樣災殺了人的三分之一。,"By these evils a third part of men was put to death, by the fire, and the smoke, and the burning smell which came out of their mouths."
30858,30858,66,Rev,啟,Revelation,啟示錄,9,19,19,19,這馬的能力是在口裡和尾巴上；因這尾巴像蛇，並且有頭用以害人。,"For the power of the horses is in their mouths and in their tails: because their tails are like snakes, and have heads, and with them they give wounds."
30859,30859,66,Rev,啟,Revelation,啟示錄,9,20,20,20,其餘未曾被這些災所殺的人仍舊不悔改自己手所做的，還是去拜鬼魔和那些不能看、不能聽、不能走，金、銀、銅、木、石的偶像，,"And the rest of the people, who were not put to death by these evils, were not turned from the works of their hands, but went on giving worship to evil spirits, and images of gold and silver and brass and stone and wood which have no power of seeing or hearing or walking:"
30860,30860,66,Rev,啟,Revelation,啟示錄,9,21,21,21,又不悔改他們那些兇殺、邪術、姦淫、偷竊的事。,"And they had no regret for putting men to death, or for their use of secret arts, or for the evil desires of the flesh, or for taking the property of others."
30861,30861,66,Rev,啟,Revelation,啟示錄,10,1,1,1,我又看見另有一位大力的天使從天降下，披著雲彩，頭上有虹，臉面像日頭，兩腳像火柱。,"And I saw another strong angel coming down out of heaven, clothed with a cloud; and an arch of coloured light was round his head, and his face was like the sun, and his feet like pillars of fire;"
30862,30862,66,Rev,啟,Revelation,啟示錄,10,2,2,2,他手裡拿著小書卷，是展開的。他右腳踏海，左腳踏地，,"And he had in his hand a little open book: and he put his right foot on the sea, and his left on the earth;"
30863,30863,66,Rev,啟,Revelation,啟示錄,10,3,3,3,大聲呼喊，好像獅子吼叫。呼喊完了，就有七雷發聲。,"And he gave a loud cry, like the angry voice of a lion: and at his cry the voices of the seven thunders were sounding."
30864,30864,66,Rev,啟,Revelation,啟示錄,10,4,4,4,七雷發聲之後，我正要寫出來，就聽見從天上有聲音說：七雷所說的，你要封上，不可寫出來。,"And when the seven thunders had given out their voices, I was about to put their words down: and a voice from heaven came to my ears, saying, Keep secret the things which the seven thunders said, and do not put them in writing."
30865,30865,66,Rev,啟,Revelation,啟示錄,10,5,5,5,我所看見的那踏海踏地的天使向天舉起右手來，,"And the angel which I saw taking his position on the sea and on the earth, put up his right hand to heaven,"
30866,30866,66,Rev,啟,Revelation,啟示錄,10,6,6,6,指著那創造天和天上之物，地和地上之物，海和海中之物，直活到永永遠遠的，起誓說：不再有時日了（或作：不再耽延了）。,"And took his oath by him who is living for ever and ever, who made the heaven and the things in it, and the earth and the things in it, and the sea and the things in it, that there would be no more waiting:"
30867,30867,66,Rev,啟,Revelation,啟示錄,10,7,7,7,但在第七位天使吹號發聲的時候，神的奧祕就成全了，正如神所傳給他僕人眾先知的佳音。,"But in the days of the voice of the seventh angel, when the sound of his horn is about to come, then will the secret of God be complete, of which he gave the good news to his servants the prophets."
30868,30868,66,Rev,啟,Revelation,啟示錄,10,8,8,8,我先前從天上所聽見的那聲音又吩咐我說：你去，把那踏海踏地之天使手中展開的小書卷取過來。,"And the voice came to me again from heaven, saying, Go, take the book which is open in the hand of the angel who has his place on the sea and on the earth."
30869,30869,66,Rev,啟,Revelation,啟示錄,10,9,9,9,我就走到天使那裡，對他說：請你把小書卷給我。他對我說：你拿著吃盡了，便叫你肚子發苦，然而在你口中要甜如蜜。,"And I went to the angel, and said to him, Give me the little book. And he said to me: Put it in your mouth; and it will make your stomach bitter, but in your mouth it will be sweet as honey."
30870,30870,66,Rev,啟,Revelation,啟示錄,10,10,10,10,我從天使手中把小書卷接過來，吃盡了，在我口中果然甜如蜜，吃了以後，肚子覺得發苦了。,"And I took the little book out of the angel's hand and did as he said; and it was sweet as honey in my mouth: and when I had taken it, my stomach was made bitter."
30871,30871,66,Rev,啟,Revelation,啟示錄,10,11,11,11,天使（原文是他們）對我說：你必指著多民、多國、多方、多王再說預言。,"And they said to me, You are to give word again of what is coming in the future to the peoples and nations and languages and kings."
30872,30872,66,Rev,啟,Revelation,啟示錄,11,1,1,1,有一根葦子賜給我，當作量度的杖，且有話說：起來！將神的殿和祭壇，並在殿中禮拜的人都量一量。,"And there was given to me a measuring rod: and one said, Go up and take the measure of the house of God, and the altar, and the worshippers in it."
30873,30873,66,Rev,啟,Revelation,啟示錄,11,2,2,2,只是殿外的院子要留下不用量，因為這是給了外邦人的；他們要踐踏聖城四十二個月。,But do not take the measure of the space outside the house; because it has been given to the nations: and the holy town will be under their feet for forty-two months.
30874,30874,66,Rev,啟,Revelation,啟示錄,11,3,3,3,我要使我那兩個見證人，穿著毛衣，傳道一千二百六十天。,"And I will give orders to my two witnesses, and they will be prophets for a thousand, two hundred and sixty days, clothed with haircloth."
30875,30875,66,Rev,啟,Revelation,啟示錄,11,4,4,4,他們就是那兩棵橄欖樹，兩個燈臺，立在世界之主面前的。,"These are the two olive-trees and the two lights, which are before the Lord of the earth."
30876,30876,66,Rev,啟,Revelation,啟示錄,11,5,5,5,若有人想要害他們，就有火從他們口中出來，燒滅仇敵。凡想要害他們的都必這樣被殺。,"And if any man would do them damage, fire comes out of their mouth and puts an end to those who are working against them: and if any man has a desire to do them damage, in this way will he be put to death."
30877,30877,66,Rev,啟,Revelation,啟示錄,11,6,6,6,這二人有權柄，在他們傳道的日子叫天閉塞不下雨；又有權柄叫水變為血，並且能隨時隨意用各樣的災殃攻擊世界。,"These have the power to keep the heaven shut, so that there may be no rain in the days when they are prophets: and they have power over the waters to make them into blood, and to send every sort of disease on the earth as their pleasure is."
30878,30878,66,Rev,啟,Revelation,啟示錄,11,7,7,7,他們作完見證的時候，那從無底坑裡上來的獸必與他們交戰，並且得勝，把他們殺了。,"And when they have come to the end of their witness, the beast which comes up out of the great deep will make war on them and overcome them and put them to death."
30879,30879,66,Rev,啟,Revelation,啟示錄,11,8,8,8,他們的屍首就倒在大城裡的街上；這城按著靈意叫所多瑪，又叫埃及，就是他們的主釘十字架之處。,"And their dead bodies will be in the open street of the great town, which in the spirit is named Sodom and Egypt, where their Lord was put to death on the cross."
30880,30880,66,Rev,啟,Revelation,啟示錄,11,9,9,9,從各民、各族、各方、各國中，有人觀看他們的屍首三天半，又不許把屍首放在墳墓裡。,"And the peoples and tribes and languages and nations will be looking on their dead bodies three days and a half, and will not let their dead bodies be put in the earth."
30881,30881,66,Rev,啟,Revelation,啟示錄,11,10,10,10,住在地上的人就為他們歡喜快樂，互相餽送禮物，因這兩位先知曾叫住在地上的人受痛苦。,And those who are on the earth will have pleasure and delight over them; and they will send offerings one to another because these two prophets gave great trouble to all on the earth.
30882,30882,66,Rev,啟,Revelation,啟示錄,11,11,11,11,過了這三天半，有生氣從神那裡進入他們裡面，他們就站起來；看見他們的人甚是害怕。,"And after three days and a half the breath of life from God went into them, and they got up on their feet; and great fear came on those who saw them."
30883,30883,66,Rev,啟,Revelation,啟示錄,11,12,12,12,兩位先知聽見有大聲音從天上來，對他們說：上到這裡來。他們就駕著雲上了天，他們的仇敵也看見了。,"And a great voice from heaven came to their ears, saying to them, Come up here. And they went up into heaven in the cloud, and were seen by those desiring their death."
30884,30884,66,Rev,啟,Revelation,啟示錄,11,13,13,13,正在那時候，地大震動，城就倒塌了十分之一，因地震而死的有七千人；其餘的都恐懼，歸榮耀給天上的神。,"And in that hour there was a great earth-shock and a tenth part of the town came to destruction; and in the earth-shock seven thousand persons came to their end: and the rest were in fear, and gave glory to the God of heaven."
30885,30885,66,Rev,啟,Revelation,啟示錄,11,14,14,14,第二樣災禍過去，第三樣災禍快到了。,"The second Trouble is past: see, the third Trouble comes quickly."
30886,30886,66,Rev,啟,Revelation,啟示錄,11,15,15,15,第七位天使吹號，天上就有大聲音說：世上的國成了我主和主基督的國；他要作王，直到永永遠遠。,"And at the sounding of the seventh angel there were great voices in heaven, saying, The kingdom of the world has become the kingdom of our Lord, and of his Christ, and he will have rule for ever and ever."
30887,30887,66,Rev,啟,Revelation,啟示錄,11,16,16,16,在神面前，坐在自己位上的二十四位長老，就面伏於地，敬拜神，,"And the four and twenty rulers, who are seated before God on their high seats, went down on their faces and gave worship to God, saying,"
30888,30888,66,Rev,啟,Revelation,啟示錄,11,17,17,17,說：昔在、今在的主神─全能者阿，我們感謝你！因你執掌大權作王了。,"We give you praise, O Lord God, Ruler of all, who is and who was; because you have taken up your great power and are ruling your kingdom."
30889,30889,66,Rev,啟,Revelation,啟示錄,11,18,18,18,外邦發怒，你的忿怒也臨到了；審判死人的時候也到了。你的僕人眾先知和眾聖徒，凡敬畏你名的人，連大帶小得賞賜的時候也到了。你敗壞那些敗壞世界之人的時候也就到了。,"And the nations were angry, and your wrath has come, and the time for the dead to be judged, and the time of reward for your servants, the prophets, and for the saints, and for those in whom is the fear of your name, small and great, and the time of destruction for those who made the earth unclean."
30890,30890,66,Rev,啟,Revelation,啟示錄,11,19,19,19,當時，神天上的殿開了，在他殿中現出他的約櫃。隨後有閃電、聲音、雷轟、地震、大雹。,"And the house of God which is in heaven was open; and the ark of his agreement was seen in his house, and there were flames and voices and thunders and an earth-shock and a rain of ice."
30891,30891,66,Rev,啟,Revelation,啟示錄,12,1,1,1,天上現出大異象來：有一個婦人身披日頭，腳踏月亮，頭戴十二星的冠冕。,"And a great sign was seen in heaven: a A woman clothed with the sun, and with the moon under her feet, and on her head a crown of twelve stars."
30892,30892,66,Rev,啟,Revelation,啟示錄,12,2,2,2,他懷了孕，在生產的艱難中疼痛呼叫。,"And she was with child; and she gave a cry, in the pains of childbirth."
30893,30893,66,Rev,啟,Revelation,啟示錄,12,3,3,3,天上又現出異象來：有一條大紅龍，七頭十角；七頭上戴著七個冠冕。,"And there was seen another sign in heaven; a great red dragon, having seven heads and ten horns, and on his heads seven crowns."
30894,30894,66,Rev,啟,Revelation,啟示錄,12,4,4,4,他的尾巴拖拉著天上星辰的三分之一，摔在地上。龍就站在那將要生產的婦人面前，等他生產之後，要吞吃他的孩子。,"And his tail was pulling a third part of the stars of heaven down to the earth, and the dragon took his place before the woman who was about to give birth, so that when the birth had taken place he might put an end to her child."
30895,30895,66,Rev,啟,Revelation,啟示錄,12,5,5,5,婦人生了一個男孩子，是將來要用鐵杖轄管（轄管：原文是牧）萬國的；他的孩子被提到神寶座那裡去了。,"And she gave birth to a son, a male child, who was to have rule over all the nations with a rod of iron: and her child was taken up to God and to his high seat."
30896,30896,66,Rev,啟,Revelation,啟示錄,12,6,6,6,婦人就逃到曠野，在那裡有神給他預備的地方，使他被養活一千二百六十天。,"And the woman went in flight to the waste land, where she has a place made ready by God, so that there they may give her food a thousand, two hundred and sixty days."
30897,30897,66,Rev,啟,Revelation,啟示錄,12,7,7,7,在天上就有了爭戰。米迦勒同他的使者與龍爭戰，龍也同他的使者去爭戰，,"And there was war in heaven: Michael and his angels going out to the fight with the dragon; and the dragon and his angels made war,"
30898,30898,66,Rev,啟,Revelation,啟示錄,12,8,8,8,並沒有得勝，天上再沒有他們的地方。,"And they were overcome, and there was no more place for them in heaven."
30899,30899,66,Rev,啟,Revelation,啟示錄,12,9,9,9,大龍就是那古蛇，名叫魔鬼，又叫撒但，是迷惑普天下的。他被摔在地上，他的使者也一同被摔下去。,"And the great dragon was forced down, the old snake, who is named the Evil One and Satan, by whom all the earth is turned from the right way; he was forced down to the earth, and his angels were forced down with him."
30900,30900,66,Rev,啟,Revelation,啟示錄,12,10,10,10,我聽見在天上有大聲音說：我神的救恩、能力、國度、並他基督的權柄，現在都來到了！因為那在我們神面前晝夜控告我們弟兄的，已經被摔下去了。,"And a great voice in heaven came to my ears, saying, Now is come the salvation, and the power, and the kingdom of our God, and the authority of his Christ: because he who says evil against our brothers before our God day and night is forced down."
30901,30901,66,Rev,啟,Revelation,啟示錄,12,11,11,11,弟兄勝過他，是因羔羊的血和自己所見證的道。他們雖至於死，也不愛惜性命。,And they overcame him through the blood of the Lamb and the word of their witness; and loving not their lives they freely gave themselves up to death.
30902,30902,66,Rev,啟,Revelation,啟示錄,12,12,12,12,所以，諸天和住在其中的，你們都快樂罷！只是地與海有禍了！因為魔鬼知道自己的時候不多，就氣忿忿的下到你們那裡去了。,"Be glad then, O heavens, and you who are in them. But there is trouble for the earth and the sea: because the Evil One has come down to you, being very angry, having the knowledge that he has but a short time."
30903,30903,66,Rev,啟,Revelation,啟示錄,12,13,13,13,龍見自己被摔在地上，就逼迫那生男孩子的婦人。,"And when the dragon saw that he was forced down to the earth, he made cruel attacks on the woman who gave birth to the male child."
30904,30904,66,Rev,啟,Revelation,啟示錄,12,14,14,14,於是有大鷹的兩個翅膀賜給婦人，叫他能飛到曠野，到自己的地方，躲避那蛇；他在那裡被養活一載二載半載。,"And there were given to the woman two wings of a great eagle, so that she might go in flight into the waste land, to her place, where she is given food for a time, and times, and half a time, from the face of the snake."
30905,30905,66,Rev,啟,Revelation,啟示錄,12,15,15,15,蛇就在婦人身後，從口中吐出水來，像河一樣，要將婦人沖去。,"And the snake sent out of his mouth after the woman a river of water, so that she might be taken away by the stream."
30906,30906,66,Rev,啟,Revelation,啟示錄,12,16,16,16,地卻幫助婦人，開口吞了從龍口吐出來的水（原文作河）。,"And the earth gave help to the woman, and with open mouth took up the river which the dragon sent out of his mouth."
30907,30907,66,Rev,啟,Revelation,啟示錄,12,17,17,17,龍向婦人發怒，去與他其餘的兒女爭戰，這兒女就是那守神誡命、為耶穌作見證的。那時龍就站在海邊的沙上。,"And the dragon was angry with the woman and went away to make war on the rest of her seed, who keep the orders of God, and the witness of Jesus:"
30908,30908,66,Rev,啟,Revelation,啟示錄,13,1,1,1,我又看見一個獸從海中上來，有十角七頭，在十角上戴著十個冠冕，七頭上有褻瀆的名號。,"And he took his place on the sand of the sea. And I saw a beast coming up out of the sea, having ten horns and seven heads, and on his horns ten crowns, and on his heads unholy names."
30909,30909,66,Rev,啟,Revelation,啟示錄,13,2,2,2,我所看見的獸，形狀像豹，腳像熊的腳，口像獅子的口。那龍將自己的能力、座位、和大權柄都給了他。,"And the beast which I saw was like a leopard, and his feet were as the feet of a bear, and his mouth as the mouth of a lion: and the dragon gave him his power and his seat and great authority."
30910,30910,66,Rev,啟,Revelation,啟示錄,13,3,3,3,我看見獸的七頭中，有一個似乎受了死傷，那死傷卻醫好了。全地的人都希奇跟從那獸，,And I saw one of his heads as if it had been given a death-wound; and his death-wound was made well: and all the earth was wondering at the beast.
30911,30911,66,Rev,啟,Revelation,啟示錄,13,4,4,4,又拜那龍─因為他將自己的權柄給了獸，也拜獸，說：誰能比這獸，誰能與他交戰呢？,"And they gave worship to the dragon, because he gave authority to the beast; and worshipping the beast, they said, Who is like the beast? and who is able to go to war with him?"
30912,30912,66,Rev,啟,Revelation,啟示錄,13,5,5,5,又賜給他說誇大褻瀆話的口，又有權柄賜給他，可以任意而行四十二個月。,And there was given to him a mouth to say words of pride against God; and there was given to him authority to go on for forty-two months.
30913,30913,66,Rev,啟,Revelation,啟示錄,13,6,6,6,獸就開口向神說褻瀆的話，褻瀆神的名並他的帳幕，以及那些住在天上的。,"And his mouth was open to say evil against God, and against his name and his Tent, even against those who are in heaven."
30914,30914,66,Rev,啟,Revelation,啟示錄,13,7,7,7,又任憑他與聖徒爭戰，並且得勝；也把權柄賜給他，制伏各族、各民、各方、各國。,And it was given to him to make war on the saints and to overcome them: and there was given to him authority over every tribe and people and language and nation.
30915,30915,66,Rev,啟,Revelation,啟示錄,13,8,8,8,凡住在地上、名字從創世以來沒有記在被殺之羔羊生命冊上的人，都要拜他。,"And all who are on the earth will give him worship, everyone whose name has not been from the first in the book of life of the Lamb who was put to death."
30916,30916,66,Rev,啟,Revelation,啟示錄,13,9,9,9,凡有耳的，就應當聽！,"If any man has ears, let him give ear."
30917,30917,66,Rev,啟,Revelation,啟示錄,13,10,10,10,擄掠人的，必被擄掠；用刀殺人的，必被刀殺。聖徒的忍耐和信心就是在此。,"If any man sends others into prison, into prison he will go: if any man puts to death with the sword, with the sword will he be put to death. Here is the quiet strength and the faith of the saints."
30918,30918,66,Rev,啟,Revelation,啟示錄,13,11,11,11,我又看見另有一個獸從地中上來有兩角如同羊羔，說話好像龍。,"And I saw another beast coming up out of the earth; and he had two horns like a lamb, and his voice was like that of a dragon."
30919,30919,66,Rev,啟,Revelation,啟示錄,13,12,12,12,他在頭一個獸面前，施行頭一個獸所有的權柄，並且叫地和住在地上的人拜那死傷醫好的頭一個獸。,"And he makes use of all the authority of the first beast before his eyes. And he makes the earth and those who are in it give worship to the first beast, whose death-wound was made well."
30920,30920,66,Rev,啟,Revelation,啟示錄,13,13,13,13,又行大奇事，甚至在人面前，叫火從天降在地上。,"And he does great signs, even making fire come down from heaven on the earth before the eyes of men."
30921,30921,66,Rev,啟,Revelation,啟示錄,13,14,14,14,他因賜給他權柄在獸面前能行奇事，就迷惑住在地上的人，說：要給那受刀傷還活著的獸作個像。,"And those who are on the earth are turned from the true way by him through the signs which he was given power to do before the beast; giving orders to those who are on the earth to make an image to the beast, who was wounded by the sword, and came to life."
30922,30922,66,Rev,啟,Revelation,啟示錄,13,15,15,15,又有權柄賜給他，叫獸像有生氣，並且能說話，又叫所有不拜獸像的人都被殺害。,"And he had power to give breath to the image of the beast, so that words might come from the image of the beast, and that he might have all those who did not give worship to the image of the beast put to death."
30923,30923,66,Rev,啟,Revelation,啟示錄,13,16,16,16,他又叫眾人，無論大小、貧富、自主的、為奴的，都在右手上或是在額上受一個印記。,"And he gives to all, small and great, the poor and those who have wealth, the free and those who are not free, a mark on their right hand or on their brows;"
30924,30924,66,Rev,啟,Revelation,啟示錄,13,17,17,17,除了那受印記、有了獸名或有獸名數目的，都不得做買賣。,"So that no man might be able to do trade but he who has the mark, even the name of the beast or the number of his name."
30925,30925,66,Rev,啟,Revelation,啟示錄,13,18,18,18,在這裡有智慧：凡有聰明的，可以算計獸的數目；因為這是人的數目，他的數目是六百六十六。,Here is wisdom. He who has knowledge let him get the number of the beast; because it is the number of a man: and his number is Six hundred and sixty-six.
30926,30926,66,Rev,啟,Revelation,啟示錄,14,1,1,1,我又觀看，見羔羊站在錫安山，同他又有十四萬四千人，都有他的名和他父的名寫在額上。,"And I saw the Lamb on the mountain of Zion, and with him a hundred and forty-four thousand, marked on their brows with his name and the name of his Father."
30927,30927,66,Rev,啟,Revelation,啟示錄,14,2,2,2,我聽見從天上有聲音，像眾水的聲音和大雷的聲音，並且我所聽見的好像彈琴的所彈的琴聲。,"And a voice from heaven came to my ears, like the sound of great waters, and the sound of loud thunder: and the voice which came to me was like the sound of players, playing on instruments of music."
30928,30928,66,Rev,啟,Revelation,啟示錄,14,3,3,3,他們在寶座前，並在四活物和眾長老前唱歌，彷彿是新歌；除了從地上買來的那十四萬四千人以外，沒有人能學這歌。,"And they made as it seemed a new song before the high seat, and before the four beasts and the rulers: and no man might have knowledge of the song but the hundred and forty-four thousand, even those from the earth whom God has made his for a price."
30929,30929,66,Rev,啟,Revelation,啟示錄,14,4,4,4,這些人未曾沾染婦女，他們原是童身。羔羊無論往那裡去，他們都跟隨他。他們是從人間買來的，作初熟的果子歸與神和羔羊。,These are they who have not made themselves unclean with women; for they are virgins. These are they who go after the Lamb wherever he goes. These were taken from among men to be the first fruits to God and to the Lamb.
30930,30930,66,Rev,啟,Revelation,啟示錄,14,5,5,5,在他們口中察不出謊言來；他們是沒有瑕疵的。,"And in their mouth there was no false word, for they are untouched by evil."
30931,30931,66,Rev,啟,Revelation,啟示錄,14,6,6,6,我又看見另有一位天使飛在空中，有永遠的福音要傳給住在地上的人，就是各國、各族、各方、各民。,"And I saw another angel in flight between heaven and earth, having eternal good news to give to those who are on the earth, and to every nation and tribe and language and people,"
30932,30932,66,Rev,啟,Revelation,啟示錄,14,7,7,7,他大聲說：應當敬畏神，將榮耀歸給他！因他施行審判的時候已經到了。應當敬拜那創造天地海和眾水泉源的。,"Saying with a loud voice, Have fear of God and give him glory; because the hour of his judging is come; and give worship to him who made heaven and earth and the sea and the fountains of water."
30933,30933,66,Rev,啟,Revelation,啟示錄,14,8,8,8,又有第二位天使接著說：叫萬民喝邪淫、大怒之酒的巴比倫大城傾倒了！傾倒了！,"And a second angel came after, saying, Destruction has come to Babylon the great, which gave to all the nations the wine of the wrath of her evil ways."
30934,30934,66,Rev,啟,Revelation,啟示錄,14,9,9,9,又有第三位天使接著他們，大聲說：若有人拜獸和獸像，在額上或在手上受了印記，,"And a third angel came after them, saying with a loud voice, If any man gives worship to the beast and his image, and has his mark on his brow or on his hand,"
30935,30935,66,Rev,啟,Revelation,啟示錄,14,10,10,10,這人也必喝神大怒的酒；此酒斟在神忿怒的杯中純一不雜。他要在聖天使和羔羊面前，在火與硫磺之中受痛苦。,"To him will be given of the wine of God's wrath which is ready unmixed in the cup of his wrath and he will have cruel pain, burning with fire before the holy angels and before the Lamb:"
30936,30936,66,Rev,啟,Revelation,啟示錄,14,11,11,11,他受痛苦的煙往上冒，直到永永遠遠。那些拜獸和獸像，受他名之印記的，晝夜不得安寧。,"And the smoke of their pain goes up for ever and ever; and they have no rest day and night, who give worship to the beast and his image, and have on them the mark of his name."
30937,30937,66,Rev,啟,Revelation,啟示錄,14,12,12,12,聖徒的忍耐就在此；他們是守神誡命和耶穌真道的。,"Here is the quiet strength of the saints, who keep the orders of God, and the faith of Jesus."
30938,30938,66,Rev,啟,Revelation,啟示錄,14,13,13,13,我聽見從天上有聲音說：你要寫下：從今以後，在主裡面而死的人有福了！聖靈說：是的，他們息了自己的勞苦，作工的果效也隨著他們。,"And a voice from heaven came to my ears, saying, Put in writing, There is a blessing on the dead who from now on come to their end in the Lord: yes, says the Spirit, that they may have rest from their troubles; for their works go with them."
30939,30939,66,Rev,啟,Revelation,啟示錄,14,14,14,14,我又觀看，見有一片白雲，雲上坐著一位好像人子，頭上戴著金冠冕，手裡拿著快鐮刀。,"And I saw a white cloud, and on the cloud I saw one seated, like a son of man, having on his head a crown of gold, and in his hand a sharp curved blade."
30940,30940,66,Rev,啟,Revelation,啟示錄,14,15,15,15,又有一位天使從殿中出來，向那坐在雲上的大聲喊著說：伸出你的鐮刀來收割；因為收割的時候已經到了，地上的莊稼已經熟透了。,"And another angel came out from the house of God, crying with a loud voice to him who was seated on the cloud, Put in your blade, and let the grain be cut: because the hour for cutting it is come; for the grain of the earth is over-ready."
30941,30941,66,Rev,啟,Revelation,啟示錄,14,16,16,16,那坐在雲上的，就把鐮刀扔在地上，地上的莊稼就被收割了。,And he who was seated on the cloud sent in his blade on the earth; and the grain of the earth was cut.
30942,30942,66,Rev,啟,Revelation,啟示錄,14,17,17,17,又有一位天使從天上的殿中出來，他也拿著快鐮刀。,"And another angel came out from the house of God which is in heaven, having a sharp curved blade."
30943,30943,66,Rev,啟,Revelation,啟示錄,14,18,18,18,又有一位天使從祭壇中出來，是有權柄管火的，向拿著快鐮刀的大聲喊著說：伸出快鐮刀來，收取地上葡萄樹的果子，因為葡萄熟透了！,"And another angel came out from the altar, who has power over fire; and he gave a loud cry to him who had the sharp curved blade, saying, Put in your sharp blade, and let the grapes of the vine of the earth be cut; for her grapes are fully ready."
30944,30944,66,Rev,啟,Revelation,啟示錄,14,19,19,19,那天使就把鐮刀扔在地上，收取了地上的葡萄，丟在神忿怒的大酒醡中。,"And the angel sent his blade into the earth, and the vine of the earth was cut, and he put it into the great wine-crusher of the wrath of God."
30945,30945,66,Rev,啟,Revelation,啟示錄,14,20,20,20,那酒醡踹在城外，就有血從酒醡裡流出來，高到馬的嚼環，遠有六百里。,"And the grapes were crushed under foot outside the town, and blood came out from them, even to the head-bands of the horses, two hundred miles."
30946,30946,66,Rev,啟,Revelation,啟示錄,15,1,1,1,我又看見在天上有異象，大而且奇，就是七位天使掌管末了的七災，因為神的大怒在這七災中發盡了。,"And I saw another sign in heaven, great and strange; seven angels having the seven last punishments, for in them the wrath of God is complete."
30947,30947,66,Rev,啟,Revelation,啟示錄,15,2,2,2,我看見彷彿有玻璃海，其中有火攙雜。又看見那些勝了獸和獸的像並他名字數目的人，都站在玻璃海上，拿著神的琴，,"And I saw a sea which seemed like glass mixed with fire; and those who had overcome the beast and his image and the number of his name, were in their places by the sea of glass, with God's instruments of music in their hands."
30948,30948,66,Rev,啟,Revelation,啟示錄,15,3,3,3,唱神僕人摩西的歌，和羔羊的歌，說：主神─全能者阿，你的作為大哉！奇哉！萬世（或作：國）之王阿，你的道途義哉！誠哉！,"And they give the song of Moses, the servant of God, and the song of the Lamb, saying, Great and full of wonder are your works, O Lord God, Ruler of all; true and full of righteousness are your ways, eternal King."
30949,30949,66,Rev,啟,Revelation,啟示錄,15,4,4,4,主阿，誰敢不敬畏你，不將榮耀歸與你的名呢？因為獨有你是聖的。萬民都要來在你面前敬拜，因你公義的作為已經顯出來了。,"What man is there who will not have fear before you, O Lord, and give glory to your name? because you only are holy; for all the nations will come and give worship before you; for your righteousness has been made clear."
30950,30950,66,Rev,啟,Revelation,啟示錄,15,5,5,5,此後，我看見在天上那存法櫃的殿開了。,"And after these things I saw, and the house of the Tent of witness in heaven was open:"
30951,30951,66,Rev,啟,Revelation,啟示錄,15,6,6,6,那掌管七災的七位天使從殿中出來，穿著潔白光明的細麻衣（細麻衣；有古卷是寶石），胸間束著金帶。,"And the seven angels who had the seven punishments came out from the house of God, clothed with linen, clean and bright and with bands of gold about their breasts."
30952,30952,66,Rev,啟,Revelation,啟示錄,15,7,7,7,四活物中有一個把盛滿了活到永永遠遠之神大怒的七個金碗給了那七位天使。,"And one of the four beasts gave to the seven angels seven gold vessels full of the wrath of God, who is living for ever and ever."
30953,30953,66,Rev,啟,Revelation,啟示錄,15,8,8,8,因神的榮耀和能力，殿中充滿了煙。於是沒有人能以進殿，直等到那七位天使所降的七災完畢了。,"And the house of God was full of smoke from the glory of God, and from his power, and no one was able to go into the house of God, till the seven punishments of the seven angels were ended."
30954,30954,66,Rev,啟,Revelation,啟示錄,16,1,1,1,我聽見有大聲音從殿中出來，向那七位天使說：你們去，把盛神大怒的七碗倒在地上。,"And a great voice out of the house of God came to my ears, saying to the seven angels, Go, and let that which is in the seven vessels of the wrath of God come down on the earth."
30955,30955,66,Rev,啟,Revelation,啟示錄,16,2,2,2,第一位天使便去，把碗倒在地上，就有惡而且毒的瘡生在那些有獸印記、拜獸像的人身上。,"And the first went, and let what was in his vessel come down on the earth; and it became an evil poisoning wound on the men who had the mark of the beast, and who gave worship to his image."
30956,30956,66,Rev,啟,Revelation,啟示錄,16,3,3,3,第二位天使把碗倒在海裡，海就變成血，好像死人的血，海中的活物都死了。,And the second let what was in his vessel come out into the sea; and it became blood as of a dead man; and every living thing in the sea came to an end.
30957,30957,66,Rev,啟,Revelation,啟示錄,16,4,4,4,第三位天使把碗倒在江河與眾水的泉源裡，水就變成血了。,And the third let what was in his vessel come out into the rivers and the fountains of water; and they became blood.
30958,30958,66,Rev,啟,Revelation,啟示錄,16,5,5,5,我聽見掌管眾水的天使說：昔在、今在的聖者阿，你這樣判斷是公義的；,"And the voice of the angel of the waters came to my ears, saying, True and upright is your judging, O Holy One, who is and was from all time:"
30959,30959,66,Rev,啟,Revelation,啟示錄,16,6,6,6,他們曾流聖徒與先知的血，現在你給他們血喝；這是他們所該受的。,"For they made the blood of saints and prophets come out like a stream, and blood have you given them for drink; which is their right reward."
30960,30960,66,Rev,啟,Revelation,啟示錄,16,7,7,7,我又聽見祭壇中有聲音說：是的，主神─全能者阿，你的判斷義哉！誠哉！,"And a voice came from the altar, saying, Even so, O Lord God, Ruler of all, true and full of righteousness is your judging."
30961,30961,66,Rev,啟,Revelation,啟示錄,16,8,8,8,第四位天使把碗倒在日頭上，叫日頭能用火烤人。,And the fourth let what was in his vessel come out on the sun; and power was given to it that men might be burned with fire.
30962,30962,66,Rev,啟,Revelation,啟示錄,16,9,9,9,人被大熱所烤，就褻瀆那有權掌管這些災的神之名，並不悔改將榮耀歸給神。,And men were burned with great heat: and they said evil things against the name of the God who has authority over these punishments; and they were not turned from their evil ways to give him glory.
30963,30963,66,Rev,啟,Revelation,啟示錄,16,10,10,10,第五位天使把碗倒在獸的座位上，獸的國就黑暗了。人因疼痛就咬自己的舌頭；,And the fifth let what was in his vessel come out on the high seat of the beast; and his kingdom was made dark; and they were biting their tongues for pain.
30964,30964,66,Rev,啟,Revelation,啟示錄,16,11,11,11,又因所受的疼痛，和生的瘡，就褻瀆天上的神，並不悔改所行的。,And they said evil things against the God of heaven because of their pain and their wounds; and they were not turned from their evil works.
30965,30965,66,Rev,啟,Revelation,啟示錄,16,12,12,12,第六位天使把碗倒在伯拉大河上，河水就乾了，要給那從日出之地所來的眾王預備道路。,"And the sixth let what was in his vessel come out on the great river Euphrates; and it became dry, so that the way might be made ready for the kings from the east."
30966,30966,66,Rev,啟,Revelation,啟示錄,16,13,13,13,我又看見三個污穢的靈，好像青蛙，從龍口、獸口並假先知的口中出來。,"And I saw coming out of the mouth of the dragon, and out of the mouth of the beast, and out of the mouth of the false prophet, three unclean spirits, like frogs."
30967,30967,66,Rev,啟,Revelation,啟示錄,16,14,14,14,他們本是鬼魔的靈，施行奇事，出去到普天下眾王那裡，叫他們在神全能者的大日聚集爭戰。,"For they are evil spirits, working signs; who go out even to the kings of all the earth, to get them together to the war of the great day of God, the Ruler of all."
30968,30968,66,Rev,啟,Revelation,啟示錄,16,15,15,15,（看哪，我來像賊一樣。那儆醒、看守衣服、免得赤身而行、叫人見他羞恥的有福了！）,"(See, I come as a thief. Happy is he who is watching and keeps his robes, so that he may not go unclothed, and his shame be seen.)"
30969,30969,66,Rev,啟,Revelation,啟示錄,16,16,16,16,那三個鬼魔便叫眾王聚集在一處，希伯來話叫作哈米吉多頓。,And they got them together into the place which is named in Hebrew Armageddon.
30970,30970,66,Rev,啟,Revelation,啟示錄,16,17,17,17,第七位天使把碗倒在空中，就有大聲音從殿中的寶座上出來，說：成了！,"And the seventh let what was in his vessel come out on the air; and there came out a great voice from the house of God, from the high seat, saying, It is done."
30971,30971,66,Rev,啟,Revelation,啟示錄,16,18,18,18,又有閃電、聲音、雷轟、大地震，自從地上有人以來，沒有這樣大、這樣利害的地震。,"And there were flames and voices and thunders; and there was a great earth-shock so that never, from the time when men were on the earth, had there been so great an earth-shock, so full of power."
30972,30972,66,Rev,啟,Revelation,啟示錄,16,19,19,19,那大城裂為三段，列國的城也都倒塌了；神也想起巴比倫大城來，要把那盛自己烈怒的酒杯遞給他。,"And the great town was cut into three parts, and the towns of the nations came to destruction: and Babylon the great came into mind before God, to be given the cup of the wine of his wrath."
30973,30973,66,Rev,啟,Revelation,啟示錄,16,20,20,20,各海島都逃避了，眾山也不見了.。,"And every island went in flight, and the mountains were seen no longer."
30974,30974,66,Rev,啟,Revelation,啟示錄,16,21,21,21,又有大雹子從天落在人身上，每一個約重一他連得（一他連得約有九十斤）。為這雹子的災極大，人就褻瀆神。,"And great drops of ice, every one about the weight of a talent, came down out of heaven on men: and men said evil things against God because of the punishment of the ice-drops; for it is very great."
30975,30975,66,Rev,啟,Revelation,啟示錄,17,1,1,1,拿著七碗的七位天使中，有一位前來對我說：你到這裡來，我將坐在眾水上的大淫婦所要受的刑罰指給你看。,"And one of the seven angels who had the seven vessels came and said to me, Come here, so that you may see the judging of the evil woman who is seated on the great waters;"
30976,30976,66,Rev,啟,Revelation,啟示錄,17,2,2,2,地上的君王與他行淫，住在地上的人喝醉了他淫亂的酒。,"With whom the kings of the earth made themselves unclean, and those who are on the earth were full of the wine of her evil desires."
30977,30977,66,Rev,啟,Revelation,啟示錄,17,3,3,3,我被聖靈感動，天使帶我到曠野去，我就看見一個女人騎在朱紅色的獸上；那獸有七頭十角，遍體有褻瀆的名號。,"And he took me away in the Spirit into a waste land: and I saw a woman seated on a bright red beast, full of evil names, having seven heads and ten horns,"
30978,30978,66,Rev,啟,Revelation,啟示錄,17,4,4,4,那女人穿著紫色和朱紅色的衣服，用金子、寶石、珍珠為妝飾；手拿金杯，杯中盛滿了可憎之物，就是他淫亂的污穢。,"And the woman was clothed in purple and bright red, with ornaments of gold and stones of great price and jewels; and in her hand was a gold cup full of evil things and her unclean desires;"
30979,30979,66,Rev,啟,Revelation,啟示錄,17,5,5,5,在他額上有名寫著說：奧祕哉！大巴比倫，作世上的淫婦和一切可憎之物的母。,"And on her brow was a name, SECRET, BABYLON THE GREAT, THE MOTHER OF THE EVIL WOMEN AND OF THE UNCLEAN THINGS OF THE EARTH."
30980,30980,66,Rev,啟,Revelation,啟示錄,17,6,6,6,我又看見那女人喝醉了聖徒的血和為耶穌作見證之人的血。我看見他，就大大的希奇。,"And I saw the woman overcome as with the wine of the blood of the saints, and the blood of those put to death because of Jesus. And when I saw her, I was overcome with a great wonder."
30981,30981,66,Rev,啟,Revelation,啟示錄,17,7,7,7,天使對我說：你為甚麼希奇呢？我要將這女人和馱著他的那七頭十角獸的奧祕告訴你。,"And the angel said to me, Why were you surprised? I will make clear to you the secret of the woman, and of the beast on which she is seated, which has the seven heads and the ten horns."
30982,30982,66,Rev,啟,Revelation,啟示錄,17,8,8,8,你所看見的獸，先前有，如今沒有，將要從無底坑裡上來，又要歸於沉淪。凡住在地上、名字從創世以來沒有記在生命冊上的，見先前有、如今沒有、以後再有的獸，就必希奇。,"The beast which you saw was, and is not; and is about to come up out of the great deep, and to go into destruction. And those who are on the earth, whose names have not been put in the book of life from the first, will be full of wonder when they see the beast, that he was, and is not, and still will be."
30983,30983,66,Rev,啟,Revelation,啟示錄,17,9,9,9,智慧的心在此可以思想。那七頭就是女人所坐的七座山，,"Here is the mind which has wisdom. The seven heads are seven mountains, on which the woman is seated:"
30984,30984,66,Rev,啟,Revelation,啟示錄,17,10,10,10,又是七位王；五位已經傾倒了，一位還在，一位還沒有來到；他來的時候，必須暫時存留。,"And they are seven kings; the five have come to an end, the one is, the other has not come; and when he comes, he will have to go on for a little time."
30985,30985,66,Rev,啟,Revelation,啟示錄,17,11,11,11,那先前有如今沒有的獸，就是第八位；他也和那七位同列，並且歸於沉淪。,"And the beast which was, and is not, is himself the eighth, and is of the seven; and he goes into destruction."
30986,30986,66,Rev,啟,Revelation,啟示錄,17,12,12,12,你所看見的那十角就是十王；他們還沒有得國，但他們一時之間要和獸同得權柄，與王一樣。,"And the ten horns which you saw are ten kings, which still have been given no kingdom; but they are given authority as kings, with the beast, for one hour."
30987,30987,66,Rev,啟,Revelation,啟示錄,17,13,13,13,他們同心合意將自己的能力、權柄給那獸。,"These have one mind, and they give their power and authority to the beast."
30988,30988,66,Rev,啟,Revelation,啟示錄,17,14,14,14,他們與羔羊爭戰，羔羊必勝過他們，因為羔羊是萬主之主、萬王之王。同著羔羊的，就是蒙召、被選、有忠心的，也必得勝。,"These will make war against the Lamb, and the Lamb will overcome them, because he is the Lord of lords and King of kings; and those who are with him are named, marked out, and true."
30989,30989,66,Rev,啟,Revelation,啟示錄,17,15,15,15,天使又對我說，你所看見那淫婦坐的眾水，就是多民、多人、多國、多方。,"And he said to me, The waters which you saw, where the evil woman is seated, are peoples, and armies, and nations and languages."
30990,30990,66,Rev,啟,Revelation,啟示錄,17,16,16,16,你所看見的那十角與獸必恨這淫婦，使他冷落赤身，又要吃他的肉，用火將他燒盡。,"And the ten horns which you saw, and the beast, these will be turned against the evil woman, and will make her waste and uncovered, and will take her flesh for food, and will have her burned with fire."
30991,30991,66,Rev,啟,Revelation,啟示錄,17,17,17,17,因為神使諸王同心合意，遵行他的旨意，把自己的國給那獸，直等到神的話都應驗了。,"Because God has put it in their hearts to do his purpose, and to be of one mind, giving their kingdom to the beast, till the words of God have effect and are complete."
30992,30992,66,Rev,啟,Revelation,啟示錄,17,18,18,18,你所看見的那女人就是管轄地上眾王的大城。,"And the woman whom you saw is the great town, which is ruling over the kings of the earth."
30993,30993,66,Rev,啟,Revelation,啟示錄,18,1,1,1,此後，我看見另有一位有大權柄的天使從天降下，地就因他的榮耀發光。,"After these things I saw another angel coming down out of heaven, having great authority; and the earth was bright with his glory."
30994,30994,66,Rev,啟,Revelation,啟示錄,18,2,2,2,他大聲喊著說：巴比倫大城傾倒了！傾倒了！成了鬼魔的住處和各樣污穢之靈的巢穴（或作：牢獄；下同），並各樣污穢可憎之雀鳥的巢穴。,"And he gave a loud cry, saying, Babylon the great has come down from her high place, she has come to destruction and has become a place of evil spirits, and of every unclean spirit, and a hole for every unclean and hated bird."
30995,30995,66,Rev,啟,Revelation,啟示錄,18,3,3,3,因為列國都被他邪淫大怒的酒傾倒了。地上的君王與他行淫；地上的客商因他奢華太過就發了財。,"For through the wine of the wrath of her evil desires all the nations have come to destruction; and the kings of the earth made themselves unclean with her, and the traders of the earth had their wealth increased by the power of her evil ways."
30996,30996,66,Rev,啟,Revelation,啟示錄,18,4,4,4,我又聽見從天上有聲音說：我的民哪，你們要從那城出來，免得與他一同有罪，受他所受的災殃；,"And another voice from heaven came to my ears, saying, Come out of her, my people, so that you may have no part in her sins and in her punishments."
30997,30997,66,Rev,啟,Revelation,啟示錄,18,5,5,5,因他的罪惡滔天；他的不義神已經想起來了。,"For her sins have gone up even to heaven, and God has taken note of her evil-doing."
30998,30998,66,Rev,啟,Revelation,啟示錄,18,6,6,6,他怎樣待人，也要怎樣待他，按他所行的加倍的報應他；用他調酒的杯加倍的調給他喝。,"Give to her as she gave, even an increased reward for her works; in the cup which was mixed by her, let there be mixed as much again for herself."
30999,30999,66,Rev,啟,Revelation,啟示錄,18,7,7,7,他怎樣榮耀自己，怎樣奢華，也當叫他照樣痛苦悲哀，因他心裡說：我坐了皇后的位，並不是寡婦，決不至於悲哀。,"As she gave glory to herself, and became more evil in her ways, in the same measure give her pain and weeping: for she says in her heart, I am seated here a queen, and am no widow, and will in no way see sorrow."
31000,31000,66,Rev,啟,Revelation,啟示錄,18,8,8,8,所以在一天之內，他的災殃要一齊來到，就是死亡、悲哀、饑荒。他又要被火燒盡了，因為審判他的主神大有能力。,"For this reason in one day will her troubles come, death and sorrow and need of food; and she will be completely burned with fire; for strong is the Lord God who is her judge."
31001,31001,66,Rev,啟,Revelation,啟示錄,18,9,9,9,地上的君王，素來與他行淫、一同奢華的，看見燒他的煙，就必為他哭泣哀號。,"And the kings of the earth, who made themselves unclean with her, and in her company gave themselves up to evil, will be weeping and crying over her, when they see the smoke of her burning,"
31002,31002,66,Rev,啟,Revelation,啟示錄,18,10,10,10,因怕他的痛苦，就遠遠的站著說：哀哉！哀哉！巴比倫大城，堅固的城阿，一時之間你的刑罰就來到了。,"Watching from far away, for fear of her punishment, saying, Sorrow, sorrow for Babylon, the great town, the strong town! for in one hour you have been judged."
31003,31003,66,Rev,啟,Revelation,啟示錄,18,11,11,11,地上的客商也都為他哭泣悲哀，因為沒有人再買他們的貨物了；,"And the traders of the earth are weeping and crying over her, because no man has any more desire for their goods,"
31004,31004,66,Rev,啟,Revelation,啟示錄,18,12,12,12,這貨物就是金、銀、寶石、珍珠、細麻布、紫色料、綢子、朱紅色料、各樣香木、各樣象牙的器皿、各樣極寶貴的木頭，和銅、鐵、漢白玉的器皿，,"Gold, and silver, and stones of great price, and jewels, and delicate linen, and robes of purple and silk and red; and perfumed wood, and every vessel of ivory, and every vessel made of fair wood, and of brass, and iron, and stone;"
31005,31005,66,Rev,啟,Revelation,啟示錄,18,13,13,13,並肉桂、荳蔻、香料、香膏、乳香、酒、油、細麵、麥子、牛、羊、車、馬，和奴僕、人口。,"And sweet-smelling plants, and perfumes, and wine, and oil, and well crushed grain, and cattle and sheep; and horses and carriages and servants; and souls of men."
31006,31006,66,Rev,啟,Revelation,啟示錄,18,14,14,14,巴比倫哪，你所貪愛的果子離開了你；你一切的珍饈美味，和華美的物件也從你中間毀滅，決不能再見了。,"And the fruit of your soul's desire has gone from you, and all things delicate and shining have come to an end and will never again be seen."
31007,31007,66,Rev,啟,Revelation,啟示錄,18,15,15,15,販賣這些貨物、藉著他發了財的客商，因怕他的痛苦，就遠遠的站著哭泣悲哀，說：,"The traders in these things, by which their wealth was increased, will be watching far off for fear of her punishment, weeping and crying;"
31008,31008,66,Rev,啟,Revelation,啟示錄,18,16,16,16,哀哉！哀哉！這大城阿，素常穿著細麻、紫色、朱紅色的衣服，又用金子、寶石，和珍珠為妝飾。,"Saying, Sorrow, sorrow for the great town, she who was clothed in delicate linen, and purple, and red; with ornaments of gold and stones of great price and jewels!"
31009,31009,66,Rev,啟,Revelation,啟示錄,18,17,17,17,一時之間，這麼大的富厚就歸於無有了。凡船主和坐船往各處去的，並眾水手，連所有靠海為業的，都遠遠的站著，,"For in one hour such great wealth has come to nothing. And every shipmaster, and all who are sailing on the sea, and sailors and all who get their living by the sea, were watching from far away,"
31010,31010,66,Rev,啟,Revelation,啟示錄,18,18,18,18,看見燒他的煙，就喊著說：有何城能比這大城呢？,"And crying out when they saw the smoke of her burning, saying, What town is like the great town?"
31011,31011,66,Rev,啟,Revelation,啟示錄,18,19,19,19,他們又把塵土撒在頭上，哭泣悲哀，喊著說：哀哉！哀哉！這大城阿。凡有船在海中的，都因他的珍寶成了富足！他在一時之間就成了荒場！,"And they put dust on their heads, and were sad, weeping and crying, and saying, Sorrow, sorrow for the great town, in which was increased the wealth of all who had their ships on the sea because of her great stores! for in one hour she is made waste."
31012,31012,66,Rev,啟,Revelation,啟示錄,18,20,20,20,天哪，眾聖徒、眾使徒、眾先知阿，你們都要因他歡喜，因為神已經在他身上伸了你們的冤。,"Be glad over her, heaven, and you saints, and Apostles, and prophets; because she has been judged by God on your account."
31013,31013,66,Rev,啟,Revelation,啟示錄,18,21,21,21,有一位大力的天使舉起一塊石頭，好像大磨石，扔在海裡，說：巴比倫大城也必這樣猛力的被扔下去，決不能再見了。,"And a strong angel took up a stone like the great stone with which grain is crushed, and sent it into the sea, saying, So, with a great fall, will Babylon, the great town, come to destruction, and will not be seen any more at all."
31014,31014,66,Rev,啟,Revelation,啟示錄,18,22,22,22,彈琴、作樂、吹笛、吹號的聲音，在你中間決不能再聽見；各行手藝人在你中間決不能再遇見；推磨的聲音在你中間決不能再聽見；,"And the voice of players and makers of music will never again be sounding in you: and no worker, expert in art, will ever again be living in you; and there will be no sound of the crushing of grain any more at all in you;"
31015,31015,66,Rev,啟,Revelation,啟示錄,18,23,23,23,燈光在你中間決不能再照耀；新郎和新婦的聲音，在你中間決不能再聽見。你的客商原來是地上的尊貴人；萬國也被你的邪術迷惑了。,"And never again will the shining of lights be seen in you; and the voice of the newly-married man and the bride will never again be sounding in you: for your traders were the lords of the earth, and by your evil powers were all the nations turned out of the right way."
31016,31016,66,Rev,啟,Revelation,啟示錄,18,24,24,24,先知和聖徒，並地上一切被殺之人的血，都在這城裡看見了。,"And in her was seen the blood of prophets and of saints, and of all who have been put to death on the earth."
31017,31017,66,Rev,啟,Revelation,啟示錄,19,1,1,1,此後，我聽見好像群眾在天上大聲說：哈利路亞（就是要讚美耶和華的意思）！救恩、榮耀、權能都屬乎我們的神！,"After these things there came to my ears a sound like the voice of a great band of people in heaven, saying, Praise to the Lord; salvation and glory and power be to our God:"
31018,31018,66,Rev,啟,Revelation,啟示錄,19,2,2,2,他的判斷是真實公義的；因他判斷了那用淫行敗壞世界的大淫婦，並且向淫婦討流僕人血的罪，給他們伸冤。,"For true and upright are his decisions; for by him has the evil woman been judged, who made the earth unclean with the sins of her body; and he has given her punishment for the blood of his servants."
31019,31019,66,Rev,啟,Revelation,啟示錄,19,3,3,3,又說：哈利路亞！燒淫婦的煙往上冒，直到永永遠遠。,"And again they said, Praise to the Lord. And her smoke went up for ever and ever."
31020,31020,66,Rev,啟,Revelation,啟示錄,19,4,4,4,那二十四位長老與四活物就俯伏敬拜坐寶座的神，說：阿們！哈利路亞！,"And the four and twenty rulers and the four beasts went down on their faces and gave worship to God who was seated on the high seat, saying, Even so, praise to the Lord."
31021,31021,66,Rev,啟,Revelation,啟示錄,19,5,5,5,有聲音從寶座出來說：神的眾僕人哪，凡敬畏他的，無論大小，都要讚美我們的神！,"And a voice came from the high seat, saying, Give praise to our God, all you his servants, small and great, in whom is the fear of him."
31022,31022,66,Rev,啟,Revelation,啟示錄,19,6,6,6,我聽見好像群眾的聲音，眾水的聲音，大雷的聲音，說：哈利路亞！因為主─我們的神、全能者作王了。,"And there came to my ears the voice of a great army, like the sound of waters, and the sound of loud thunders, saying, Praise to the Lord: for the Lord our God, Ruler of all, is King."
31023,31023,66,Rev,啟,Revelation,啟示錄,19,7,7,7,我們要歡喜快樂，將榮耀歸給他。因為，羔羊婚娶的時候到了；新婦也自己預備好了，,"Let us be glad with delight, and let us give glory to him: because the time is come for the Lamb to be married, and his wife has made herself ready."
31024,31024,66,Rev,啟,Revelation,啟示錄,19,8,8,8,就蒙恩得穿光明潔白的細麻衣。這細麻衣就是聖徒所行的義。,"And to her it was given to be clothed in delicate linen, clean and shining: for the clean linen is the righteousness of the saints."
31025,31025,66,Rev,啟,Revelation,啟示錄,19,9,9,9,天使吩咐我說：你要寫上：凡被請赴羔羊之婚筵的有福了！又對我說：這是神真實的話。,"And he said to me, Put in the book, Happy are the guests at the bride-feast of the Lamb. And he said to me, These are the true words of God."
31026,31026,66,Rev,啟,Revelation,啟示錄,19,10,10,10,我就俯伏在他腳前要拜他。他說：千萬不可！我和你，並你那些為耶穌作見證的弟兄同是作僕人的，你要敬拜神。因為預言中的靈意乃是為耶穌作見證。,"And I went on my face before his feet to give him worship. And he said to me, See you do it not: I am a brother-servant with you and with your brothers who keep the witness of Jesus: give worship to God: for the witness of Jesus is the spirit of the prophet's word."
31027,31027,66,Rev,啟,Revelation,啟示錄,19,11,11,11,我觀看，見天開了。有一匹白馬，騎在馬上的稱為誠信真實，他審判，爭戰，都按著公義。,"And the heaven was open; and I saw a white horse, and he who was seated on it was named Certain and True; and he is judging and making war in righteousness."
31028,31028,66,Rev,啟,Revelation,啟示錄,19,12,12,12,他的眼睛如火燄，他頭上戴著許多冠冕；又有寫著的名字，除了他自己沒有人知道。,"And his eyes are a flame of fire, and crowns are on his head; and he has a name in writing, of which no man has knowledge but himself."
31029,31029,66,Rev,啟,Revelation,啟示錄,19,13,13,13,他穿著濺了血的衣服；他的名稱為神之道。,And he is clothed in a robe washed with blood: and his name is The Word of God.
31030,31030,66,Rev,啟,Revelation,啟示錄,19,14,14,14,在天上的眾軍騎著白馬，穿著細麻衣，又白又潔，跟隨他。,"And the armies which are in heaven went after him on white horses, clothed in delicate linen, white and clean."
31031,31031,66,Rev,啟,Revelation,啟示錄,19,15,15,15,有利劍從他口中出來，可以擊殺列國。他必用鐵杖轄管（轄管：原文是牧）他們，並要踹全能神烈怒的酒醡。,"And out of his mouth comes a sharp sword, with which he overcomes the nations: and he has rule over them with a rod of iron: and he is crushing with his feet the grapes of the strong wrath of God the Ruler of all."
31032,31032,66,Rev,啟,Revelation,啟示錄,19,16,16,16,在他衣服和大腿上有名寫著說：萬王之王，萬主之主。,"And on his robe and on his leg is a name, KING OF KINGS, AND LORD OF LORDS."
31033,31033,66,Rev,啟,Revelation,啟示錄,19,17,17,17,我又看見一位天使站在日頭中，向天空所飛的鳥大聲喊著說：你們聚集來赴神的大筵席，,"And I saw an angel taking his place in the sun; and he was crying with a loud voice, saying to all the birds in flight in the heavens, Come together to the great feast of God;"
31034,31034,66,Rev,啟,Revelation,啟示錄,19,18,18,18,可以吃君王與將軍的肉，壯士與馬和騎馬者的肉，並一切自主的為奴的，以及大小人民的肉。,"So that you may take for your food the flesh of kings, and of captains, and of strong men, and of horses and of those who are seated on them, and the flesh of all men, free and unfree, small and great."
31035,31035,66,Rev,啟,Revelation,啟示錄,19,19,19,19,我看見那獸和地上的君王，並他們的眾軍都聚集，要與騎白馬的並他的軍兵爭戰。,"And I saw the beast, and the kings of the earth, and their armies, come together to make war against him who was seated on the horse and against his army."
31036,31036,66,Rev,啟,Revelation,啟示錄,19,20,20,20,那獸被擒拿；那在獸面前曾行奇事、迷惑受獸印記和拜獸像之人的假先知，也與獸同被擒拿。他們兩個就活活的被扔在燒著硫磺的火湖裡；,"And the beast was taken, and with him the false prophet who did the signs before him, by which they were turned from the true way who had the mark of the beast, and who gave worship to his image: these two were put living into the sea of ever-burning fire."
31037,31037,66,Rev,啟,Revelation,啟示錄,19,21,21,21,其餘的被騎白馬者口中出來的劍殺了；飛鳥都吃飽了他們的肉。,"And the rest were put to death with the sword of him who was on the horse, even the sword which came out of his mouth: and all the birds were made full with their flesh."
31038,31038,66,Rev,啟,Revelation,啟示錄,20,1,1,1,我又看見一位天使從天降下，手裡拿著無底坑的鑰匙和一條大鍊子。,"And I saw an angel coming down out of heaven, having the key of the great deep and a great chain in his hand."
31039,31039,66,Rev,啟,Revelation,啟示錄,20,2,2,2,他捉住那龍，就是古蛇，又叫魔鬼，也叫撒但，把他捆綁一千年，,"And he took the dragon, the old snake, which is the Evil One and Satan, and put chains on him for a thousand years,"
31040,31040,66,Rev,啟,Revelation,啟示錄,20,3,3,3,扔在無底坑裡，將無底坑關閉，用印封上，使他不得再迷惑列國。等到那一千年完了，以後必須暫時釋放他。,"And put him into the great deep, and it was shut and locked over him, so that he might put the nations in error no longer, till the thousand years were ended: after this he will be let loose for a little time."
31041,31041,66,Rev,啟,Revelation,啟示錄,20,4,4,4,我又看見幾個寶座，也有坐在上面的，並有審判的權柄賜給他們。我又看見那些因為給耶穌作見證，並為神之道被斬者的靈魂，和那沒有拜過獸與獸像，也沒有在額上和手上受過他印記之人的靈魂，他們都復活了，與基督一同作王一千年。,"And I saw high seats, and they were seated on them, and the right of judging was given to them: and I saw the souls of those who were put to death for the witness of Jesus, and for the word of God, and those who did not give worship to the beast, or to his image, and had not his mark on their brows or on their hands; and they were living and ruling with Christ a thousand years."
31042,31042,66,Rev,啟,Revelation,啟示錄,20,5,5,5,這是頭一次的復活。其餘的死人還沒有復活，直等那一千年完了。,The rest of the dead did not come to life again till the thousand years were ended. This is the first coming back from the dead.
31043,31043,66,Rev,啟,Revelation,啟示錄,20,6,6,6,在頭一次復活有分的有福了，聖潔了！第二次的死在他們身上沒有權柄。他們必作神和基督的祭司，並要與基督一同作王一千年。,"Happy and holy is he who has a part in this first coming: over these the second death has no authority, but they will be priests of God and of Christ, and will be ruling with him a thousand years."
31044,31044,66,Rev,啟,Revelation,啟示錄,20,7,7,7,那一千年完了，撒但必從監牢裡被釋放，,"And when the thousand years are ended, Satan will be let loose out of his prison,"
31045,31045,66,Rev,啟,Revelation,啟示錄,20,8,8,8,出來要迷惑地上四方（原文是角）的列國，就是歌革和瑪各，叫他們聚集爭戰。他們的人數多如海沙。,"And will go out to put in error the nations which are in the four quarters of the earth, Gog and Magog, to get them together to the war, the number of whom is like the sands of the sea."
31046,31046,66,Rev,啟,Revelation,啟示錄,20,9,9,9,他們上來遍滿了全地，圍住聖徒的營與蒙愛的城，就有火從天降下，燒滅了他們。,"And they went up over the face of the earth, and made a circle about the tents of the saints, and the well loved town: and fire came down out of heaven for their destruction."
31047,31047,66,Rev,啟,Revelation,啟示錄,20,10,10,10,那迷惑他們的魔鬼被扔在硫磺的火湖裡，就是獸和假先知所在的地方。他們必晝夜受痛苦，直到永永遠遠。,"And the Evil One who put them in error was sent down into the sea of ever-burning fire, where the beast and the false prophet are, and their punishment will go on day and night for ever and ever."
31048,31048,66,Rev,啟,Revelation,啟示錄,20,11,11,11,我又看見一個白色的大寶座與坐在上面的；從他面前天地都逃避，再無可見之處了。,"And I saw a great white seat, and him who was seated on it, before whose face the earth and the heaven went in flight; and there was no place for them."
31049,31049,66,Rev,啟,Revelation,啟示錄,20,12,12,12,我又看見死了的人，無論大小，都站在寶座前。案卷展開了，並且另有一卷展開，就是生命冊。死了的人都憑著這些案卷所記載的，照他們所行的受審判。,"And I saw the dead, great and small, taking their places before the high seat; and the books were open, and another book was open, which is the book of life; and the dead were judged by the things which were in the books, even by their works."
31050,31050,66,Rev,啟,Revelation,啟示錄,20,13,13,13,於是海交出其中的死人；死亡和陰間也交出其中的死人；他們都照各人所行的受審判。,And the sea gave up the dead which were in it; and death and Hell gave up the dead which were in them; and they were judged every man by his works.
31051,31051,66,Rev,啟,Revelation,啟示錄,20,14,14,14,死亡和陰間也被扔在火湖裡；這火湖就是第二次的死。,"And death and Hell were put into the sea of fire. This is the second death, even the sea of fire."
31052,31052,66,Rev,啟,Revelation,啟示錄,20,15,15,15,若有人名字沒記在生命冊上，他就被扔在火湖裡。,"And if anyone's name was not in the book of life, he went down into the sea of fire."
31053,31053,66,Rev,啟,Revelation,啟示錄,21,1,1,1,我又看見一個新天新地；因為先前的天地已經過去了，海也不再有了。,And I saw a new heaven and a new earth: for the first heaven and the first earth were gone; and there was no more sea.
31054,31054,66,Rev,啟,Revelation,啟示錄,21,2,2,2,我又看見聖城新耶路撒冷由神那裡從天而降，預備好了，就如新婦妝飾整齊，等候丈夫。,"And I saw the holy town, new Jerusalem, coming down out of heaven from God, like a bride made beautiful for her husband."
31055,31055,66,Rev,啟,Revelation,啟示錄,21,3,3,3,我聽見有大聲音從寶座出來說：看哪，神的帳幕在人間。他要與人同住，他們要作他的子民。神要親自與他們同在，作他們的神。,"And there came to my ears a great voice out of the high seat, saying, See, the Tent of God is with men, and he will make his living-place with them, and they will be his people, and God himself will be with them, and be their God."
31056,31056,66,Rev,啟,Revelation,啟示錄,21,4,4,4,神要擦去他們一切的眼淚；不再有死亡，也不再有悲哀、哭號、疼痛，因為以前的事都過去了。,"And he will put an end to all their weeping; and there will be no more death, or sorrow, or crying, or pain; for the first things have come to an end."
31057,31057,66,Rev,啟,Revelation,啟示錄,21,5,5,5,坐寶座的說：看哪，我將一切都更新了！又說：你要寫上；因這些話是可信的，是真實的。,"And he who is seated on the high seat said, See, I make all things new. And he said, Put it in the book; for these words are certain and true."
31058,31058,66,Rev,啟,Revelation,啟示錄,21,6,6,6,他又對我說：都成了！我是阿拉法，我是俄梅戛；我是初，我是終。我要將生命泉的水白白賜給那口渴的人喝。,"And he said to me, It is done. I am the First and the Last, the start and the end. I will freely give of the fountain of the water of life to him who is in need."
31059,31059,66,Rev,啟,Revelation,啟示錄,21,7,7,7,得勝的，必承受這些為業：我要作他的神，他要作我的兒子。,"He who overcomes will have these things for his heritage; and I will be his God, and he will be my son."
31060,31060,66,Rev,啟,Revelation,啟示錄,21,8,8,8,惟有膽怯的、不信的、可憎的、殺人的、淫亂的、行邪術的、拜偶像的，和一切說謊話的，他們的分就在燒著硫磺的火湖裡；這是第二次的死。,"But those who are full of fear and without faith, the unclean and takers of life, those who do the sins of the flesh, and those who make use of evil powers or who give worship to images, and all those who are false, will have their part in the sea of ever-burning fire which is the second death."
31061,31061,66,Rev,啟,Revelation,啟示錄,21,9,9,9,拿著七個金碗、盛滿末後七災的七位天使中，有一位來對我說：你到這裡來，我要將新婦，就是羔羊的妻，指給你看。,"And one of the seven angels who had the seven vessels in which were the seven last punishments, came and said to me, Come here, and see the bride, the Lamb's wife."
31062,31062,66,Rev,啟,Revelation,啟示錄,21,10,10,10,我被聖靈感動，天使就帶我到一座高大的山，將那由神那裡、從天而降的聖城耶路撒冷指示我。,"And he took me away in the Spirit to a great and high mountain, and let me see the holy town Jerusalem, coming down out of heaven from God,"
31063,31063,66,Rev,啟,Revelation,啟示錄,21,11,11,11,城中有神的榮耀；城的光輝如同極貴的寶石，好像碧玉，明如水晶。,"Having the glory of God: and her light was like a stone of great price, a jasper stone, clear as glass:"
31064,31064,66,Rev,啟,Revelation,啟示錄,21,12,12,12,有高大的牆，有十二個門，門上有十二位天使；門上又寫著以色列十二個支派的名字。,"She had a wall great and high, with twelve doors, and at the doors twelve angels; and names on them, which are the names of the twelve tribes of the children of Israel."
31065,31065,66,Rev,啟,Revelation,啟示錄,21,13,13,13,東邊有三門、北邊有三門、南邊有三門、西邊有三門。,And on the east were three doors; and on the north three doors; and on the south three doors; and on the west three doors.
31066,31066,66,Rev,啟,Revelation,啟示錄,21,14,14,14,城牆有十二根基，根基上有羔羊十二使徒的名字。,"And the wall of the town had twelve bases, and on them the twelve names of the twelve Apostles of the Lamb."
31067,31067,66,Rev,啟,Revelation,啟示錄,21,15,15,15,對我說話的，拿著金葦子當尺，要量那城和城門城牆。,"And he who was talking with me had a gold measuring-rod to take the measure of the town, and of its doors, and its wall."
31068,31068,66,Rev,啟,Revelation,啟示錄,21,16,16,16,城是四方的，長寬一樣。天使用葦子量那城，共有四千里，長、寬、高都是一樣；,"And the town is square, as wide as it is long; and he took the measure of the town with the rod, one thousand and five hundred miles: it is equally long and wide and high."
31069,31069,66,Rev,啟,Revelation,啟示錄,21,17,17,17,又量了城牆，按著人的尺寸，就是天使的尺寸，共有一百四十四肘。,"And he took the measure of its wall, one hundred and forty-four cubits, after the measure of a man, that is, of an angel."
31070,31070,66,Rev,啟,Revelation,啟示錄,21,18,18,18,牆是碧玉造的；城是精金的，如同明淨的玻璃。,"And the building of its wall was of jasper, and the town was clear gold, clear as glass."
31071,31071,66,Rev,啟,Revelation,啟示錄,21,19,19,19,城牆的根基是用各樣寶石修飾的：第一根基是碧玉；第二是藍寶石；第三是綠瑪瑙；第四是綠寶石；,"The bases of the wall of the town had ornaments of all sorts of beautiful stones. The first base was jasper; the second, sapphire; the third, chalcedony; the fourth, emerald;"
31072,31072,66,Rev,啟,Revelation,啟示錄,21,20,20,20,第五是紅瑪瑙；第六是紅寶石；第七是黃璧璽；第八是水蒼玉；第九是紅璧璽；第十是翡翠；第十一是紫瑪瑙；第十二是紫晶。,"The fifth, sardonyx; the sixth, sardius; the seventh, chrysolite; the eighth, beryl; the ninth, topaz; the tenth, chrysoprase; the eleventh, jacinth; the twelfth, amethyst."
31073,31073,66,Rev,啟,Revelation,啟示錄,21,21,21,21,十二個門是十二顆珍珠，每門是一顆珍珠。城內的街道是精金，好像明透的玻璃。,"And the twelve doors were twelve pearls; every door was made of one pearl; and the street of the town was clear gold, as clear as glass."
31074,31074,66,Rev,啟,Revelation,啟示錄,21,22,22,22,我未見城內有殿，因主神─全能者和羔羊為城的殿。,"And I saw no Temple there; because the Lord God, the Ruler of all, and the Lamb are its Temple."
31075,31075,66,Rev,啟,Revelation,啟示錄,21,23,23,23,那城內又不用日月光照；因有神的榮耀光照，又有羔羊為城的燈。,"And the town has no need of the sun, or of the moon, to give it light: for the glory of God did make it light, and the light of it is the Lamb."
31076,31076,66,Rev,啟,Revelation,啟示錄,21,24,24,24,列國要在城的光裡行走；地上的君王必將自己的榮耀歸與那城。,And the nations will go in its light: and the kings of the earth will take their glory into it.
31077,31077,66,Rev,啟,Revelation,啟示錄,21,25,25,25,城門白晝總不關閉，在那裡原沒有黑夜。,And the doors of it will never be shut by day (for there is no night there):
31078,31078,66,Rev,啟,Revelation,啟示錄,21,26,26,26,人必將列國的榮耀、尊貴歸與那城。,And the glory and honour of the nations will come into it:
31079,31079,66,Rev,啟,Revelation,啟示錄,21,27,27,27,凡不潔淨的，並那行可憎與虛謊之事的，總不得進那城；只有名字寫在羔羊生命冊上的才得進去。,"And nothing unclean may come into it, or anyone whose works are cursed or false; but only those whose names are in the Lamb's book of life."
31080,31080,66,Rev,啟,Revelation,啟示錄,22,1,1,1,天使又指示我在城內街道當中一道生命水的河，明亮如水晶，從神和羔羊的寶座流出來。,"And I saw a river of water of life, clear as glass, coming out of the high seat of God and of the Lamb,"
31081,31081,66,Rev,啟,Revelation,啟示錄,22,2,2,2,在河這邊與那邊有生命樹，結十二樣（或作：回）果子，每月都結果子；樹上的葉子乃為醫治萬民。,"In the middle of its street. And on this side of the river and on that was the tree of life, having twelve sorts of fruits, giving its fruit every month; and the leaves of the tree give life to the nations."
31082,31082,66,Rev,啟,Revelation,啟示錄,22,3,3,3,以後再沒有咒詛；在城裡有神和羔羊的寶座；他的僕人都要事奉他，,And there will be no more curse: and the high seat of God and of the Lamb will be there; and his servants will be worshipping him;
31083,31083,66,Rev,啟,Revelation,啟示錄,22,4,4,4,也要見他的面。他的名字必寫在他們的額上。,And they will see his face; and his name will be on their brows.
31084,31084,66,Rev,啟,Revelation,啟示錄,22,5,5,5,不再有黑夜；他們也不用燈光、日光，因為主神要光照他們。他們要作王，直到永永遠遠。,And there will be no more night; and they have no need of a light or of the shining of the sun; for the Lord God will give them light: and they will be ruling for ever and ever.
31085,31085,66,Rev,啟,Revelation,啟示錄,22,6,6,6,天使又對我說：這些話是真實可信的。主就是眾先知被感之靈的神，差遣他的使者，將那必要快成的事指示他僕人。,"And he said to me, These words are certain and true: and the Lord, the God of the spirits of the prophets, sent his angel to make clear to his servants the things which are now to come about."
31086,31086,66,Rev,啟,Revelation,啟示錄,22,7,7,7,看哪，我必快來！凡遵守這書上預言的有福了！,"See, I come quickly. A blessing on him who keeps the words of this book of the prophet."
31087,31087,66,Rev,啟,Revelation,啟示錄,22,8,8,8,這些事是我約翰所聽見、所看見的；我既聽見、看見了，就在指示我的天使腳前俯伏要拜他。,"And I, John, am he who saw these things and to whose ears they came. And when I had seen and given ear, I went down on my face to give worship at the feet of the angel who made these things clear to me."
31088,31088,66,Rev,啟,Revelation,啟示錄,22,9,9,9,他對我說：千萬不可！我與你和你的弟兄眾先知，並那些守這書上言語的人，同是作僕人的。你要敬拜神。,"And he said to me, See you do it not; I am a brother-servant with you and with your brothers the prophets, and with those who keep the words of this book: give worship to God."
31089,31089,66,Rev,啟,Revelation,啟示錄,22,10,10,10,他又對我說：不可封了這書上的預言，因為日期近了。,"And he said to me, Let not the words of this prophet's book be kept secret, because the time is near."
31090,31090,66,Rev,啟,Revelation,啟示錄,22,11,11,11,不義的，叫他仍舊不義；污穢的，叫他仍舊污穢；為義的，叫他仍舊為義；聖潔的，叫他仍舊聖潔。,Let the evil man go on in his evil: and let the unclean be still unclean: and let the upright go on in his righteousness: and let the holy be holy still.
31091,31091,66,Rev,啟,Revelation,啟示錄,22,12,12,12,看哪，我必快來！賞罰在我，要照各人所行的報應他。,"See, I come quickly; and my reward is with me, to give to every man the outcome of his works."
31092,31092,66,Rev,啟,Revelation,啟示錄,22,13,13,13,我是阿拉法，我是俄梅戛；我是首先的，我是末後的；我是初，我是終。,"I am the First and the Last, the start and the end."
31093,31093,66,Rev,啟,Revelation,啟示錄,22,14,14,14,那些洗淨自己衣服的有福了！可得權柄能到生命樹那裡，也能從門進城。,"A blessing on those whose robes are washed, so that they may have a right to the tree of life, and may go in by the doors into the town."
31094,31094,66,Rev,啟,Revelation,啟示錄,22,15,15,15,城外有那些犬類、行邪術的、淫亂的、殺人的、拜偶像的，並一切喜好說謊言、編造虛謊的。,"Outside are the dogs, and those who make use of evil powers, those who make themselves unclean, and the takers of life, and those who give worship to images, and everyone whose delight is in what is false."
31095,31095,66,Rev,啟,Revelation,啟示錄,22,16,16,16,我─耶穌差遣我的使者為眾教會將這些事向你們證明。我是大衛的根，又是他的後裔。我是明亮的晨星。,"I, Jesus, have sent my angel to give witness to you of these things in the churches. I am the root and the offspring of David, the bright and morning star."
31096,31096,66,Rev,啟,Revelation,啟示錄,22,17,17,17,聖靈和新婦都說：來！聽見的人也該說：來！口渴的人也當來；願意的，都可以白白取生命的水喝。,"And the Spirit and the bride say, Come. And let him who gives ear, say, Come. And let him who is in need come; and let everyone desiring it take of the water of life freely."
31097,31097,66,Rev,啟,Revelation,啟示錄,22,18,18,18,我向一切聽見這書上預言的作見證，若有人在這預言上加添甚麼，神必將寫在這書上的災禍加在他身上；,"For I say to every man to whose ears have come the words of this prophet's book, If any man makes an addition to them, God will put on him the punishments which are in this book:"
31098,31098,66,Rev,啟,Revelation,啟示錄,22,19,19,19,這書上的預言，若有人刪去甚麼，神必從這書上所寫的生命樹和聖城刪去他的分。,"And if any man takes away from the words of this book, God will take away from him his part in the tree of life and the holy town, even the things which are in this book."
31099,31099,66,Rev,啟,Revelation,啟示錄,22,20,20,20,證明這事的說：是了，我必快來！阿們！主耶穌阿，我願你來！,"He who gives witness to these things says, Truly, I come quickly. Even so come, Lord Jesus."
31100,31100,66,Rev,啟,Revelation,啟示錄,22,21,21,21,願主耶穌的恩惠常與眾聖徒同在。阿們！,The grace of the Lord Jesus be with the saints. So be it.
